{
    "success":  true,
    "recommendations":  [
                            {
                                "stand":  "B11",
                                "rank":  1,
                                "probability":  0.2962962962962963,
                                "preference_score":  100,
                                "composite_score":  0.5777777777777777
                            },
                            {
                                "stand":  "B13",
                                "rank":  2,
                                "probability":  0.14814814814814814,
                                "preference_score":  100,
                                "composite_score":  0.48888888888888893
                            },
                            {
                                "stand":  "B10",
                                "rank":  3,
                                "probability":  0.2962962962962963,
                                "preference_score":  0,
                                "composite_score":  0.17777777777777776
                            }
                        ],
    "availability":  {
                         "available":  [
                                           "A0",
                                           "B1",
                                           "B2",
                                           "B3",
                                           "B6",
                                           "B8",
                                           "B10",
                                           "B11",
                                           "B12",
                                           "B13",
                                           "SA01",
                                           "SA02",
                                           "SA03",
                                           "SA04",
                                           "SA06",
                                           "SA07",
                                           "SA08",
                                           "SA09",
                                           "SA10",
                                           "SA11",
                                           "SA12",
                                           "SA13",
                                           "SA14",
                                           "SA17",
                                           "SA18",
                                           "SA19",
                                           "SA21",
                                           "SA22",
                                           "SA24",
                                           "SA28",
                                           "SA29",
                                           "SA30",
                                           "NSA01",
                                           "NSA02",
                                           "NSA03",
                                           "NSA04",
                                           "NSA05",
                                           "NSA06",
                                           "NSA07",
                                           "NSA08",
                                           "NSA09",
                                           "NSA10",
                                           "NSA11",
                                           "NSA12",
                                           "NSA13",
                                           "NSA14",
                                           "WR02",
                                           "RE01",
                                           "RE02",
                                           "RE03",
                                           "RE04",
                                           "RE06",
                                           "RE07",
                                           "RW01",
                                           "RW03",
                                           "RW04",
                                           "RW05",
                                           "RW07",
                                           "RW08",
                                           "RW09",
                                           "RW10",
                                           "C1",
                                           "C2",
                                           "HGR"
                                       ],
                         "occupied":  [
                                          "RW11",
                                          "B5",
                                          "B4",
                                          "B9",
                                          "SA27",
                                          "SA23",
                                          "RE05",
                                          "WR03",
                                          "WR01",
                                          "A1",
                                          "SA15",
                                          "SA16",
                                          "C3",
                                          "RW06",
                                          "B7",
                                          "SA26",
                                          "SA25",
                                          "RW02",
                                          "NSA15",
                                          "SA05",
                                          "SA20",
                                          "A2",
                                          "A3"
                                      ],
                         "timestamp":  "2025-10-25T15:15:17+02:00"
                     },
    "raw_predictions":  [
                            {
                                "stand":  "B10",
                                "probability":  0.2962962962962963,
                                "rank":  1
                            },
                            {
                                "stand":  "B11",
                                "probability":  0.2962962962962963,
                                "rank":  2
                            },
                            {
                                "stand":  "B13",
                                "probability":  0.14814814814814814,
                                "rank":  3
                            }
                        ],
    "preferences":  {
                        "B12":  100,
                        "RE05":  100,
                        "B13":  100,
                        "B11":  100,
                        "B7":  100
                    },
    "metadata":  {
                     "model_path":  "C:\\xampp\\htdocs\\amc\\ml\\parking_stand_model.pkl",
                     "encoder_versions":  [
                                              "enc_aircraft_type.pkl",
                                              "enc_operator_airline.pkl",
                                              "enc_category.pkl",
                                              "enc_airline_category.pkl",
                                              "enc_aircraft_airline.pkl",
                                              "enc_aircraft_category.pkl",
                                              "enc_parking_stand.pkl"
                                          ],
                     "top_k_requested":  3,
                     "top3_accuracy":  0.5807860262008734,
                     "top3_accuracy_percent":  "58.1%",
                     "model_timestamp":  "2025-10-24T16:18:19.204351Z"
                 },
    "source":  "model",
    "notes":  "Recommendations filtered by availability and airline preferences. Latest evaluated top-3 accuracy: 58.1% (target 70%)."
}