feature,importance
aircraft_type,0.39274712827495784
operator_airline,0.3915107731807858
category,0.21574209854425633
