{
  "category_Cargo": 0.20967100464826394,
  "category_Komersial": 0.1681418520259036,
  "operator_airline_GARUDA": 0.13875735534606062,
  "operator_airline_SUSI AIR": 0.09711882385149936,
  "operator_airline_BATIK AIR": 0.09027955323072419,
  "operator_airline_PREMI": 0.04223173280976162,
  "aircraft_type_ATR 72": 0.03114650644498172,
  "operator_airline_JIP": 0.018559210647585582,
  "operator_airline_AIRNESIA": 0.015468426783526928,
  "operator_airline_TRAVIRA": 0.014303708290435263,
  "operator_airline_TRI MG": 0.011990619004163258,
  "aircraft_type_BBJ 2": 0.010370372900067527,
  "aircraft_type_CT 680": 0.010114378808327764,
  "aircraft_type_AVANTI": 0.009941974624094884,
  "aircraft_type_BE 1900": 0.00972878665434469,
  "aircraft_type_KING AIR": 0.009627235656815782,
  "aircraft_type_GLEX": 0.00803921464627287,
  "operator_airline_GAPURA": 0.007924816024028756,
  "aircraft_type_CT 525": 0.007650148335026095,
  "aircraft_type_C 208": 0.0072902340761323665,
  "operator_airline_PELITA": 0.007276302424881212,
  "aircraft_type_L 1000": 0.007049415533076935,
  "aircraft_type_EMB 135": 0.007033812083675659,
  "aircraft_type_CT 750": 0.006733371033354826,
  "operator_airline_SUBA AIR": 0.006652229585099098,
  "operator_airline_BIOMANTARA": 0.006567778446966081,
  "operator_airline_KARISMA": 0.006436422878026764,
  "aircraft_type_AW 169": 0.00593826307884179,
  "operator_airline_TRIGANA": 0.004963675418276376,
  "operator_airline_AFM": 0.00478134270939131,
  "aircraft_type_B 737": 0.004541834933159843,
  "aircraft_type_PH 300": 0.004290948585351165,
  "operator_airline_nan": 0.002574569151210707,
  "aircraft_type_G VI": 0.0024519706202006677,
  "aircraft_type_A320": 0.002234497720297358,
  "aircraft_type_G 7500": 0.001532481637625419,
  "aircraft_type_G VII": 0.0005851293525478895,
  "aircraft_type_A 320": 0.0,
  "aircraft_type_A 340": 0.0,
  "aircraft_type_ATR 42": 0.0,
  "aircraft_type_LJ 60": 0.0,
  "aircraft_type_HK 850": 0.0,
  "aircraft_type_HK 900": 0.0,
  "aircraft_type_G 500": 0.0,
  "aircraft_type_G 280": 0.0,
  "aircraft_type_G V": 0.0,
  "aircraft_type_G IV": 0.0,
  "aircraft_type_FAL 8X": 0.0,
  "aircraft_type_BBJ": 0.0,
  "aircraft_type_B 734": 0.0,
  "aircraft_type_B 738": 0.0,
  "aircraft_type_B 733": 0.0,
  "aircraft_type_CL 850": 0.0,
  "aircraft_type_CT 560": 0.0,
  "aircraft_type_EC 135": 0.0,
  "aircraft_type_BELL 407": 0.0,
  "aircraft_type_HK 800": 0.0,
  "operator_airline_B. B. N.": 0.0,
  "operator_airline_BGS": 0.0,
  "category_Militer": 0.0,
  "category_Charter": 0.0,
  "operator_airline_AIR PASIFIC": 0.0,
  "operator_airline_AMM": 0.0,
  "operator_airline_CITILINK": 0.0,
  "operator_airline_DEPHUB": 0.0,
  "operator_airline_JETSET": 0.0,
  "operator_airline_IAT": 0.0,
  "operator_airline_PTN": 0.0,
  "operator_airline_POLICE": 0.0,
  "operator_airline_TRANSWISATA": 0.0,
  "operator_airline_PURAWISATA": 0.0
}