TYPE,OPERATOR / AIRLINES,CATEGORY,PARKING STAND
ATR 72,PELITA,Komersial,A2
G IV,JETSET,CHARTER,B7
EMB 135,KARISMA,CHARTER,B4
EMB 135,IAT,CHARTER,B6
G VI,BIOMANTARA,CHARTER,RW10
G IV,JIP,CHARTER,B3
B 733,TRI MG,cargo,B10
G V,TRAVIRA,CHARTER,B8
CL 850,JETSET,CHARTER,B7
B 733,AIRNESIA,cargo,B12
A 320,BATIK AIR,Komersial,B5
HK 800,JETSET,CHARTER,B4
B 734,B. B. N.,CHARTER,B13
A 320,BATIK AIR,Komersial,A3
ATR 72,FLY JAYA,Komersial,B2
AW 139,TRAVIRA,CHARTER,SA01
A 320,BATIK AIR,Komersial,A2
B 733,TRIGANA,cargo,B11
B 738,TNI AU,Militer,BASE OPS
G VI,BIOMANTARA,CHARTER,B6
A 320,BATIK AIR,Komersial,B9
ATR 72,CITILINK,Komersial,B2
C 208,SUSI AIR,Komersial,B1
C 208,SUSI AIR,Komersial,B1
PH 300,PREMI,CHARTER,B4
B 733,JAYAWIJAYA,cargo,B10
AW 139,TRAVIRA,CHARTER,SA01
A 320,BATIK AIR,Komersial,A2
B 733,TRIGANA,cargo,B7
B 735,TNI AU,Militer,BASE OPS
C 208,SUSI AIR,Komersial,RW03
B 735,CITILINK,Komersial,B9
ATR 72,FLY JAYA,Komersial,B2
A 320,BATIK AIR,Komersial,A3
B 733,TRIGANA,cargo,B11
G V,AFM,CHARTER,B5
B 738,GARUDA,Komersial,B2
A 320,CITILINK,Komersial,B1
C 208,SUSI AIR,Komersial,A1
G VI,KARISMA,CHARTER,B4
A 320,BATIK AIR,Komersial,B7
A 320,BATIK AIR,Komersial,B8
G IV,JETSET,CHARTER,B3
C130J,AFM,CHARTER,A2
ATR 72,CITILINK,Komersial,B1
A 320,BATIK AIR,Komersial,A3
A 320,BATIK AIR,Komersial,B7
A 320,BATIK AIR,Komersial,B8
ATR 72,FLY JAYA,Komersial,B2
A 320,BATIK AIR,Komersial,B1
ATR 72,PELITA,Komersial,A3
G IV,JIP,CHARTER,B4
B 733,TRI MG,cargo,B11
B 733,JAYAWIJAYA,cargo,B12
EMB 135,KARISMA,CHARTER,B5
AS 350,DERAZONA,CHARTER,WR01
A 320,CITILINK,Komersial,B2
A 320,BATIK AIR,Komersial,B1
B 738,GARUDA,Komersial,B3
BELL 412EP,,CHARTER,SA01
BELL 412EP,,CHARTER,SA01
ATR 72,CITILINK,Komersial,B6
A 320,BATIK AIR,Komersial,B8
G V,TRAVIRA,CHARTER,B9
EMB 135,KARISMA,CHARTER,RE01
G IV,JIP,CHARTER,RW01
A 320,BATIK AIR,Komersial,B7
G VI,PREMI,CHARTER,B4
B 733,TRIGANA,cargo,B12
B 733,AIRNESIA,cargo,B10
A 320,CITILINK,Komersial,B1
PH 300,PREMI,CHARTER,B3
G VI,AFM,CHARTER,B4
HK 800,JETSET,CHARTER,B5
A 320,BATIK AIR,Komersial,B2
G VI,PREMI,CHARTER,RW02
B 735,CITILINK,Komersial,B10
PH 300,PREMI,CHARTER,RW05
HK 800,JETSET,CHARTER,A1
G 500,KARISMA,CHARTER,B7
EMB 135,KARISMA,CHARTER,B4
A 320,CITILINK,Komersial,B1
A 320,BATIK AIR,Komersial,B8
G VI,AFM,CHARTER,RW07
A 320,BATIK AIR,Komersial,B9
B 738,GARUDA,Komersial,B2
A 320,BATIK AIR,Komersial,B7
A 320,BATIK AIR,Komersial,B5
G V,AFM,CHARTER,RW09
ATR 72,TAS,CHARTER,B3
EMB 135,KARISMA,CHARTER,RW10
EMB 135,KARISMA,CHARTER,B5
ATR 72,TRAVIRA,CHARTER,B12
B 733,TRI MG,cargo,B11
G VI,AFM,CHARTER,B4
A 320,BATIK AIR,Komersial,A3
HK 800,JETSET,CHARTER,B3
C 212,TRANSWISATA,CHARTER,B6
ATR 72,FLY JAYA,Komersial,B2
C 208,SUSI AIR,Komersial,B1
A 320,BATIK AIR,Komersial,B6
A 320,BATIK AIR,Komersial,A2
A 320,BATIK AIR,Komersial,B7
ATR 72,CITILINK,Komersial,B2
B 733,JAYAWIJAYA,cargo,B11
B 733,TRIGANA,cargo,B12
C 208,SUSI AIR,Komersial,B1
A 320,BATIK AIR,Komersial,A3
AVANTI,SUSI AIR,Komersial,B6
B 733,BLACKSTONE,CHARTER,B13
EMB 135,AFM,CHARTER,B7
PH 300,PREMI,CHARTER,A1
A 320,BATIK AIR,Komersial,A2
ATR 72,FLY JAYA,Komersial,B2
B 735,CITILINK,Komersial,B11
G V,KARISMA,CHARTER,B4
A 320,CITILINK,Komersial,B1
B 738,GARUDA,Komersial,B2
A 320,BATIK AIR,Komersial,A3
B 733,AIRNESIA,cargo,B13
B 733,TRIGANA,cargo,B10
A 320,BATIK AIR,Komersial,B7
A 320,BATIK AIR,Komersial,B8
ATR 72,CITILINK,Komersial,B3
ATR 42,IAT,CHARTER,B5
GLEX,KARISMA,CHARTER,B4
C 208,SUSI AIR,Komersial,A2
G V,KARISMA,CHARTER,RE03
PH 300,PURAWISATA,CHARTER,B3
A 320,BATIK AIR,Komersial,A3
A 320,BATIK AIR,Komersial,B7
ATR 72,FLY JAYA,Komersial,B6
GLEX,KARISMA,CHARTER,RE07
EMB 135,IAT,CHARTER,B3
A 320,BATIK AIR,Komersial,B1
ATR 72,PELITA,Komersial,A2
B 733,TRI MG,cargo,B11
PH 300,PURAWISATA,CHARTER,A1
ATR 42,IAT,CHARTER,RW03
B 738,POLICE,CHARTER,B5
EMB 135,KARISMA,CHARTER,B4
ATR 72,TAS,CHARTER,B3
A 320,CITILINK,Komersial,A3
A 320,BATIK AIR,Komersial,B6
CL 850,JETSET,CHARTER,B3
A 320,BATIK AIR,Komersial,B8
A 320,CITILINK,Komersial,B1
ATR 72,CITILINK,Komersial,A2
CL 850,JETSET,CHARTER,RW05
ATR 72,PELITA,Komersial,RW08
B 733,JAYAWIJAYA,cargo,B12
A 320,BATIK AIR,Komersial,B9
EMB 135,IAT,CHARTER,RW09
CT 700,KARISMA,CHARTER,B5
B 735,CITILINK,Komersial,B13
B 734,B. B. N.,CHARTER,B10
ATR 72,TAS,CHARTER,RW10
A 320,BATIK AIR,Komersial,B1
A 320,BATIK AIR,Komersial,B4
A 320,CITILINK,Komersial,A3
G 7500,PREMI,CHARTER,B3
A 320,BATIK AIR,Komersial,B9
A 320,BATIK AIR,Komersial,B1
A 320,BATIK AIR,Komersial,B4
A 320,BATIK AIR,Komersial,B8
B 738,GARUDA,Komersial,B3
B 738,TNI AU,Militer,BASE OPS
G IV,JETSET,CHARTER,B5
G IV,JETSET,CHARTER,RW11
AVANTI,SUSI AIR,Komersial,B1
ATR 72,CITILINK,Komersial,B4
A 320,BATIK AIR,Komersial,A2
AVANTI,SUSI AIR,Komersial,A1
B 738,POLICE,CHARTER,B5
A 320,BATIK AIR,Komersial,B1
HK 850,KARISMA,CHARTER,B3
ATR 72,FLY JAYA,Komersial,B2
A 320,BATIK AIR,Komersial,B1
B 734,B. B. N.,CHARTER,B12
A 320,BATIK AIR,Komersial,A3
A 320,BATIK AIR,Komersial,A2
PH 300,PURAWISATA,CHARTER,B4
ATR 72,CITILINK,Komersial,B2
GLEX,AFM,CHARTER,B5
A 320,BATIK AIR,Komersial,A3
B 733,TRIGANA,cargo,B11
A 320,BATIK AIR,Komersial,A2
B 733,AIRNESIA,cargo,B10
BBJ 2,PTN,CHARTER,B6
B 733,TRIGANA,cargo,B13
ATR 72,FLY JAYA,Komersial,B1
A 320,CITILINK,Komersial,B1
B 738,GARUDA,Komersial,B2
A 320,BATIK AIR,Komersial,A3
A 320,BATIK AIR,Komersial,A2
ATR 72,CITILINK,Komersial,B3
G 500,JIP,CHARTER,B4
EMB 135,KARISMA,CHARTER,B8
A 320,BATIK AIR,Komersial,A3
A 320,BATIK AIR,Komersial,B1
B 733,JAYAWIJAYA,cargo,B10
B 735,CITILINK,Komersial,B11
G VI,KARISMA,CHARTER,B8
EMB 135,IAT,CHARTER,B9
EMB 135,KARISMA,CHARTER,RW06
EMB 135,PTN,CHARTER,B5
ATR 72,FLY JAYA,Komersial,B1
A 320,BATIK AIR,Komersial,A3
HK 850,KARISMA,CHARTER,B9
G VI,KARISMA,CHARTER,RW04
KING AIR,KARISMA,CHARTER,B6
EMB 135,KARISMA,CHARTER,B8
C 208,SUSI AIR,Komersial,A2
A 320,BATIK AIR,Komersial,B1
B 738,GARUDA,Komersial,B3
A 320,BATIK AIR,Komersial,B2
EMB 135,KARISMA,CHARTER,B4
A 320,CITILINK,Komersial,A3
ATR 72,CITILINK,Komersial,A2
A 320,CITILINK,Komersial,B8
HK 850,KARISMA,CHARTER,NSA14
CT 700,PTN,CHARTER,B5
A 320,BATIK AIR,Komersial,B6
B 733,TRI MG,cargo,B13
HK 800,JETSET,CHARTER,B5
EMB 135,KARISMA,CHARTER,RW09
A 320,BATIK AIR,Komersial,A3
KING AIR,JIP,CHARTER,B4
A 320,BATIK AIR,Komersial,A2
HK 800,JETSET,CHARTER,NSA15
A 320,BATIK AIR,Komersial,A3
KING AIR,JIP,CHARTER,NSA16
G IV,JIP,CHARTER,B4
A 320,BATIK AIR,Komersial,B6
ATR 72,CITILINK,Komersial,B1
EMB 135,KARISMA,CHARTER,B5
EMB 135,KARISMA,CHARTER,B3
A 320,BATIK AIR,Komersial,B8
A 320,CITILINK,Komersial,B1
A 320,BATIK AIR,Komersial,B9
B 738,GARUDA,Komersial,B5
EMB 135,KARISMA,CHARTER,RW01
BBJ,JIP,CHARTER,B4
EMB 135,KARISMA,CHARTER,RW06
B 733,BLACKSTONE,CHARTER,B12
B 733,AIRNESIA,cargo,B10
ATR 72,CITILINK,Komersial,A2
ATR 72,PELITA,Komersial,A2
EMB 135,IAT,CHARTER,B6
EMB 135,IAT,CHARTER,RW08
A 320,BATIK AIR,Komersial,A3
L 1000,PREMI,CHARTER,B3
BBJ,JIP,CHARTER,A1
G VI,PREMI,CHARTER,B12
G V,KARSIMA,CHARTER,B4
A 320,BATIK AIR,Komersial,A3
G VI,KARISMA,CHARTER,B5
C 208,SUSI AIR,Komersial,A2
ATR 72,FLY JAYA,Komersial,B2
B 734,B. B. N.,CHARTER,B13
BELL 412,TRANSWISATA,CHARTER,B7
A 320,BATIK AIR,Komersial,A3
A 320,BATIK AIR,Komersial,B1
KING AIR,JIP,CHARTER,B6
A 320,BATIK AIR,Komersial,B3
ATR 72,CITILINK,Komersial,B2
ATR 42,IAT,CHARTER,B7
G IV,JETSET,CHARTER,B8
G V,PREMI,CHARTER,B5
G 500,JIP,CHARTER,B4
B 733,TRIGANA,cargo,B12
L 1000,PREMI,CHARTER,B9
A 320,BATIK AIR,Komersial,B1
PH 300,PURAWISATA,CHARTER,B3
AVANTI,SUSI AIR,Komersial,A2
B 733,TRIGANA,cargo,B10
HK 800,JETSET,CHARTER,B7
PH 300,PURAWISATA,CHARTER,NSA15
ATR 72,FLY JAYA,Komersial,A3
AVANTI,SUSI AIR,Komersial,NSA18
A 320,CITILINK,Komersial,B4
B 738,GARUDA,Komersial,B2
G IV,JIP,CHARTER,B3
G V,PREMI,CHARTER,A2
A 320,BATIK AIR,Komersial,B1
A 320,BATIK AIR,Komersial,B8
L 1000,PREMI,CHARTER,A2
B 733,AIRNESIA,cargo,B9
G IV,JIP,CHARTER,RW02
C 212,TRANSWISATA,CHARTER,A3
ATR 72,CITILINK,Komersial,B3
A 320,BATIK AIR,Komersial,B1
A 320,BATIK AIR,Komersial,B7
A 320,BATIK AIR,Komersial,B6
ATR 72,PELITA,Komersial,B2
KING AIR,JIP,CHARTER,B4
C 208,SUSI AIR,Komersial,A3
A 320,BATIK AIR,Komersial,B8
PAC 750,PTN,CHARTER,RW03
ATR 72,FLY JAYA,Komersial,B5
G VI,PREMI,CHARTER,B11
G IV,JETSET,CHARTER,B3
PH 300,PREMI,CHARTER,A2
G IV,PTN,CHARTER,B1
A 320,BATIK AIR,Komersial,B4
A 320,CITILINK,Komersial,A3
G VI,BIOMANTARA,CHARTER,B7
G VI,PREMI,CHARTER,RE03
ATR 72,PELITA,Komersial,RW11
G IV,JETSET,CHARTER,RW04
A 320,CITILINK,Komersial,B1
A 320,BATIK AIR,Komersial,B6
ATR 72,CITILINK,Komersial,A3
B 738,GARUDA,Komersial,B2
B 735,CITILINK,Komersial,B12
A 320,BATIK AIR,Komersial,B5
A 320,BATIK AIR,Komersial,B1
A 320,BATIK AIR,Komersial,B2
LJ 55,BGS,CHARTER,B7
CT 700,PTN,CHARTER,B5
A 320,CITILINK,Komersial,B8
A 320,BATIK AIR,Komersial,B9
A 320,BATIK AIR,Komersial,B6
B 738,GARUDA,Komersial,B2
A 320,BATIK AIR,Komersial,B1
G 500,JIP,CHARTER,B5
ATR 72,TAS,CHARTER,B3
G 500,JIP,CHARTER,A0
G V,TRAVIRA,CHARTER,B10
G 7500,PREMI,CHARTER,B4
L 1000,PREMI,CHARTER,A2
L 1000,PREMI,CHARTER,B3
G IV,JETSET,CHARTER,B7
CL 850,JETSET,CHARTER,B11
A 320,BATIK AIR,Komersial,B9
G VI,PREMI,CHARTER,B2
EMB 135,IAT,CHARTER,A3
ATR 72,FLY JAYA,Komersial,B3
B 734,B. B. N.,CHARTER,B13
A 320,BATIK AIR,Komersial,B1
A 320,BATIK AIR,Komersial,B7
C 208,SUSI AIR,Komersial,A1
B 738,POLICE,CHARTER,B5
ATR 72,CITILINK,Komersial,B2
G V,PREMI,CHARTER,B6
PH 300,PREMI,CHARTER,A1
A 320,BATIK AIR,Komersial,A3
AS 355,GENESA,CHARTER,SA01
B 733,JAYAWIJAYA,cargo,B11
EMB 135,IAT,CHARTER,A2
A 320,BATIK AIR,Komersial,B8
B 733,TRIGANA,cargo,B10
B 733,TRIGANA,cargo,B9
ATR 42,IAT,CHARTER,B1
A 320,BATIK AIR,Komersial,A3
EMB 135,IAT,CHARTER,RW04
BBJ,JIP,CHARTER,A1
EMB 135,PTN,CHARTER,B7
ATR 72,FLY JAYA,Komersial,B2
EMB 135,PREMI,CHARTER,B4
ATR 42,IAT,CHARTER,RW05
B 733,TRI MG,cargo,B11
A 320,CITILINK,Komersial,A2
B 738,GARUDA,Komersial,B1
CL 850,JETSET,CHARTER,B5
G 7500,PREMI,CHARTER,B3
A 320,BATIK AIR,Komersial,A3
GLEX,PTN,CHARTER,B6
AS 350,GENESA,CHARTER,WR01
G V,TRAVIRA,CHARTER,B8
A 320,BATIK AIR,Komersial,A2
A 320,BATIK AIR,Komersial,B1
ATR 72,CITILINK,Komersial,B2
CT 700,PTN,CHARTER,B5
EMB 135,PTN,CHARTER,RW08
B 733,AIRNESIA,cargo,B9
A 320,BATIK AIR,Komersial,A3
A 320,BATIK AIR,Komersial,A2
EMB 135,PREMI,CHARTER,A1
A 320,BATIK AIR,Komersial,B8
EMB 135,KARISMA,CHARTER,B5
ATR 72,FLY JAYA,Komersial,B4
A 320,CITILINK,Komersial,B1
B 738,GARUDA,Komersial,B2
ATR 72,TAS,CHARTER,A2
G IV,JETSET,CHARTER,B7
A 320,BATIK AIR,Komersial,A3
ATR 72,CITILINK,Komersial,A2
A 320,CITILINK,Komersial,B1
G IV,JETSET,CHARTER,RW03
B 733,JAYAWIJAYA,cargo,B10
A 320,BATIK AIR,Komersial,B7
B 735,CITILINK,Komersial,B13
PH 300,PREMI,CHARTER,NSA12
A 320,BATIK AIR,Komersial,B8
A 320,BATIK AIR,Komersial,B7
A 320,CITILINK,Komersial,A3
A 320,BATIK AIR,Komersial,B1
ATR 72,TAS,CHARTER,RW09
B 733,TRIGANA,cargo,B12
ATR 72,PELITA,Komersial,A2
A 320,BATIK AIR,Komersial,B1
B 738,GARUDA,Komersial,B2
EMB 135,KARISMA,CHARTER,B5
B 734,B. B. N.,CHARTER,B11
LJ 55,BGS,CHARTER,B6
EMB 135,KARISMA,CHARTER,RW10
LJ 55,BGS,CHARTER,NSA16
EMB 135,KARISMA,CHARTER,B4
B 733,TRI MG,cargo,B10
A 320,BATIK AIR,Komersial,A2
G VI,AFM,CHARTER,B3
GLEX,KARISMA,CHARTER,B5
CT 680,JIP,CHARTER,B2
ATR 72,FLY JAYA,Komersial,B1
A 320,BATIK AIR,Komersial,A3
A 320,BATIK AIR,Komersial,A2
EMB 135,IAT,CHARTER,B6
A 320,BATIK AIR,Komersial,B8
B 733,TRIGANA,cargo,B13
ATR 72,CITILINK,Komersial,B1
CT 680,JIP,CHARTER,NSA18
B 733,TRIGANA,cargo,B12
A 320,BATIK AIR,Komersial,A2
ATR 72,FLY JAYA,Komersial,A3
B 733,AIRNESIA,cargo,B13
LJ 55,AMM,CHARTER,B9
A 320,BATIK AIR,Komersial,B6
A 320,CITILINK,Komersial,B8
B 738,GARUDA,Komersial,B2
G V,AFM,CHARTER,B3
G VI,PREMI,CHARTER,B3
A 320,BATIK AIR,Komersial,B6
B 735,CITILINK,Komersial,B12
G VI,PREMI,CHARTER,RE05
BELL 412,TRANSWISATA,CHARTER,B7
A 320,BATIK AIR,Komersial,A2
ATR 72,CITILINK,Komersial,A3
B 733,JAYAWIJAYA,cargo,B10
B 738,POLICE,CHARTER,B4
G IV,PTN,CHARTER,B5
G VI,AFM,CHARTER,B3
G V,AFM,CHARTER,RW04
EMB 135,IAT,CHARTER,B7
A 320,BATIK AIR,Komersial,B1
A 320,BATIK AIR,Komersial,B8
LJ 55,AMM,CHARTER,NSA17
C 208,SUSI AIR,Komersial,A3
EMB 135,IAT,CHARTER,RW06
B 733,TRIGANA,cargo,B13
G IV,PTN,CHARTER,RE06
G VI,KARISMA,CHARTER,B5
G V,AFM,CHARTER,B4
G VI,AFM,CHARTER,RE07
ATR 72,FLY JAYA,Komersial,B1
A 320,BATIK AIR,Komersial,A2
B 733,TRIGANA,cargo,B12
A 320,BATIK AIR,Komersial,B7
A 320,CITILINK,Komersial,A3
B 738,GARUDA,Komersial,B2
CT 680,JIP,CHARTER,B6
A 320,CITILINK,Komersial,A2
HK 850,KARISMA,CHARTER,B5
ATR 72,CITILINK,Komersial,B1
GLEX,PTN,CHARTER,B3
G 500,JIP,CHARTER,B4
A 320,BATIK AIR,Komersial,B8
A 320,BATIK AIR,Komersial,B9
ATR 72,PELITA,Komersial,A3
CL 850,JETSET,CHARTER,A2
GLEX,PTN,CHARTER,A1
A 320,BATIK AIR,Komersial,A3
A 320,BATIK AIR,Komersial,B8
B 735,CITILINK,Komersial,B12
B 733,AIRNESIA,cargo,B13
CL 850,JETSET,CHARTER,A1
ATR 72,PELITA,Komersial,RW07
A 320,CITILINK,Komersial,B1
A 320,BATIK AIR,Komersial,B7
ATR 72,CITILINK,Komersial,A2
HK 850,KARISMA,CHARTER,B6
B 738,GARUDA,Komersial,B2
B 734,B. B. N.,CHARTER,B11
HK 850,KARISMA,CHARTER,NSA14
A 320,BATIK AIR,Komersial,A3
CT 680,JIP,CHARTER,B6
CT 680,JIP,CHARTER,NSA18
B 733,TRI MG,cargo,B13
A 320,BATIK AIR,Komersial,A3
B 733,TRIGANA,cargo,B12
G VI,PREMI,CHARTER,B3
ATR 72,FLY JAYA,Komersial,B2
G IV,KARISMA,CHARTER,B6
A 320,BATIK AIR,Komersial,A2
A 320,BATIK AIR,Komersial,A3
A 320,BATIK AIR,Komersial,B5
C 208,SUSI AIR,Komersial,B1
A 320,BATIK AIR,Komersial,B1
ATR 72,CITILINK,Komersial,B2
EMB 135,KARISMA,CHARTER,B4
B 733,JAYAWIJAYA,cargo,B10
ATR 72,PELITA,Komersial,B13
B 735,CITILINK,Komersial,B9
EMB 135,IAT,CHARTER,B6
RJ 85,SETNEG,CHARTER,A3
A 320,BATIK AIR,Komersial,B1
A 320,BATIK AIR,Komersial,A2
ATR 72,PELITA,Komersial,RW07
ATR 72,FLY JAYA,Komersial,B2
B 733,TRIGANA,cargo,B12
A 320,CITILINK,Komersial,A3
BBJ,JIP,CHARTER,B4
B 738,GARUDA,Komersial,B1
A 320,BATIK AIR,Komersial,B7
RJ 85,SETNEG,CHARTER,RW01
A 320,BATIK AIR,Komersial,A2
A 320,BATIK AIR,Komersial,B5
ATR 72,CITILINK,Komersial,A3
A 320,BATIK AIR,Komersial,B7
G VI,KARISMA,CHARTER,B5
G VI,PREMI,CHARTER,B2
G IV,JETSET,CHARTER,B4
CL 850,JETSET,CHARTER,B3
B 733,AIRNESIA,cargo,B13
G VI,KARISMA,CHARTER,A1
BELL 412EP,AIRFAST,CHARTER,SA01
G VI,PREMI,CHARTER,RE05
CT 650,ENGGANG,CHARTER,SA01
A 320,BATIK AIR,Komersial,A2
A 320,BATIK AIR,Komersial,A3
B 738,POLICE,CHARTER,B5
ATR 72,FLY JAYA,Komersial,B2
EMB 135,KARISMA,CHARTER,B4
BBJ,JIP,CHARTER,B3
EMB 135,KARISMA,CHARTER,B7
A 320,CITILINK,Komersial,B1
A 320,BATIK AIR,Komersial,B8
A 320,BATIK AIR,Komersial,B6
B 738,GARUDA,Komersial,B4
ATR 72,CITILINK,Komersial,A2
A 320,CITILINK,Komersial,B2
G IV,JETSET,CHARTER,B7
A 320,BATIK AIR,Komersial,A3
EMB 135,KARISMA,CHARTER,RW03
A 320,BATIK AIR,Komersial,B1
G IV,JETSET,CHARTER,RW06
B 735,CITILINK,Komersial,B13
B 733,TRIGANA,cargo,B12
EMB 135,IAT,CHARTER,B8
EMB 135,IAT,CHARTER,RE01
HK 800,AFM,CHARTER,B7
A 320,BATIK AIR,Komersial,B2
A 320,BATIK AIR,Komersial,B8
HK 800,AFM,CHARTER,NSA19
BBJ,JIP,CHARTER,B4
A 320,CITILINK,Komersial,B9
A 320,BATIK AIR,Komersial,B1
B 738,GARUDA,Komersial,B2
ATR 72,CITILINK,Komersial,A3
A 320,BATIK AIR,Komersial,B7
BBJ,JIP,CHARTER,A2
ATR 72,PELITA,Komersial,A3
RJ 85,SETNEG,CHARTER,B6
GLEX,PREMI,CHARTER,B3
G IV,JETSET,CHARTER,A2
B 733,TRI MG,cargo,B10
CT 700,KARISMA,CHARTER,B5
G IV,JIP,CHARTER,B4
A 320,BATIK AIR,Komersial,A3
PH 300,PURAWISATA,CHARTER,B6
ATR 42,IAT,CHARTER,B4
ATR 72,FLY JAYA,Komersial,B2
C 208,SUSI AIR,Komersial,A2
B 733,TRIGANA,cargo,B12
A 320,BATIK AIR,Komersial,A3
A 320,BATIK AIR,Komersial,B9
G VI,PREMI,CHARTER,B3
G V,AFM,CHARTER,B7
ATR 72,CITILINK,Komersial,B1
A 320,BATIK AIR,Komersial,A3
A 320,BATIK AIR,Komersial,B1
A 320,BATIK AIR,Komersial,B7
ATR 72,FLY JAYA,Komersial,B2
B 733,JAYAWIJAYA,cargo,B12
BELL 407,AIR PASIFIC,CHARTER,B6
G VI,KARISMA,CHARTER,B3
B 738,GARUDA,Komersial,B1
A 320,CITILINK,Komersial,B7
B 733,TRIGANA,cargo,B13
B 735,CITILINK,Komersial,B10
A 320,BATIK AIR,Komersial,A3
CT 680,JIP,CHARTER,B5
EMB 135,KARISMA,CHARTER,B4
C 208,SUSI AIR,Komersial,A2
G IV,JETSET,CHARTER,B8
A 320,BATIK AIR,Komersial,B2
G VI,KARISMA,CHARTER,A1
B 733,AIRNESIA,cargo,B9
ATR 72,CITILINK,Komersial,A3
EMB 135,IAT,CHARTER,B7
G IV,JETSET,CHARTER,RW06
DASH 8,KARISMA,CHARTER,B8
G V,AFM,CHARTER,B3
A 320,BATIK AIR,Komersial,B1
A 320,BATIK AIR,Komersial,B2
A 320,BATIK AIR,Komersial,B6
A 320,BATIK AIR,Komersial,B7
G VI,PREMI,CHARTER,B12
ATR 72,FLY JAYA,Komersial,A3
B 738,POLICE,CHARTER,B5
G V,AFM,CHARTER,RW04
G VI,KARISMA,CHARTER,B3
ATR 72,PELITA,Komersial,A2
A 320,BATIK AIR,Komersial,B6
A 320,CITILINK,Komersial,B1
B 733,TRI MG,cargo,B12
G VI,PREMI,CHARTER,RE05
A 320,BATIK AIR,Komersial,B8
DASH 8,KARISMA,CHARTER,A1
EMB 135,IAT,CHARTER,B5
CL 850,JETSET,CHARTER,B9
B 738,GARUDA,Komersial,B2
B 733,TRIGANA,cargo,B13
A 320,CITILINK,Komersial,B1
CL 850,JETSET,CHARTER,RE08
ATR 72,CITILINK,Komersial,A3
G IV,JETSET,CHARTER,B3
EMB 135,IAT,CHARTER,RW07
GLEX,KARISMA,CHARTER,B5
A 320,BATIK AIR,Komersial,B2
B 735,CITILINK,Komersial,B11
PH 300,PURAWISATA,CHARTER,B4
C 172,PREMI,CHARTER,NSA15
A 320,BATIK AIR,Komersial,B7
PH 300,PURAWISATA,CHARTER,A2
GLEX,KARISMA,CHARTER,RW01
A 320,BATIK AIR,Komersial,B8
A 320,BATIK AIR,Komersial,B3
ATR 42,IAT,CHARTER,B5
A 320,CITILINK,Komersial,B1
A 320,BATIK AIR,Komersial,B2
RJ 85,SETNEG,CHARTER,B5
G IV,JIP,CHARTER,B4
A 320,BATIK AIR,Komersial,B9
ATR 42,IAT,CHARTER,RW02
ATR 72,PELITA,Komersial,B3
RJ 85,SETNEG,CHARTER,RW05
B 734,B. B. N.,CHARTER,B13
HK 800,AFM,CHARTER,B6
B 738,GARUDA,Komersial,B5
ATR 72,TAS,CHARTER,B4
G IV,JIP,CHARTER,A2
B 733,TRI MG,cargo,B12
PH 300,PURAWISATA,CHARTER,B4
A 320,BATIK AIR,Komersial,B2
B 733,TRIGANA,cargo,B12
ATR 72,FLY JAYA,Komersial,B2
GLEX,KARISMA,CHARTER,B5
DASH 8,KARISMA,CHARTER,B10
C 208,SUSI AIR,Komersial,A3
C 172,PREMI,CHARTER,B8
A 320,BATIK AIR,Komersial,B1
A 320,BATIK AIR,Komersial,B7
G 500,JIP,CHARTER,B3
AVANTI,SUSI AIR,Komersial,A3
A 320,BATIK AIR,Komersial,B1
ATR 72,CITILINK,Komersial,B2
G VI,KARISMA,CHARTER,B4
CL 850,JETSET,CHARTER,B8
A 320,BATIK AIR,Komersial,B1
A 320,BATIK AIR,Komersial,A3
B 733,AIRNESIA,cargo,B11
ATR 72,FLY JAYA,Komersial,B2
B 735,CITILINK,Komersial,B12
B 733,TRIGANA,cargo,B10
A 320,CITILINK,Komersial,A3
B 738,GARUDA,Komersial,B1
B 733,JAYAWIJAYA,cargo,B9
A 320,BATIK AIR,Komersial,B3
PH 300,PURAWISATA,CHARTER,B4
A 320,BATIK AIR,Komersial,B8
ATR 72,CITILINK,Komersial,B2
A 320,BATIK AIR,Komersial,A3
BBJ 2,PTN,CHARTER,BASE OPS
A 320,BATIK AIR,Komersial,B5
A 320,BATIK AIR,Komersial,B1
KING AIR,TRAVIRA,CHARTER,B7
A 320,BATIK AIR,Komersial,B6
CT 700,KARISMA,CHARTER,B4
CT 680,JIP,CHARTER,B5
ATR 72,FLY JAYA,Komersial,B1
A 320,CITILINK,Komersial,B2
A 320,BATIK AIR,Komersial,B8
B 733,TRI MG,cargo,B12
A 320,BATIK AIR,Komersial,A3
B 738,GARUDA,Komersial,B5
CT 680,JIP,CHARTER,NSA16
ATR 72,CITILINK,Komersial,B1
ATR 72,TAS,CHARTER,B2
B 733,TRIGANA,cargo,B13
A 320,BATIK AIR,Komersial,B9
A 320,CITILINK,Komersial,B6
ATR 72,PELITA,Komersial,A3
A 320,BATIK AIR,Komersial,B7
A 320,BATIK AIR,Komersial,B4
B 733,AIRNESIA,cargo,B11
G 7500,PREMI,CHARTER,B3
B 735,CITILINK,Komersial,B10
ATR 72,TAS,CHARTER,A1
A 320,CITILINK,Komersial,B7
A 320,BATIK AIR,Komersial,B8
A 320,BATIK AIR,Komersial,B6
B 734,B. B. N.,CHARTER,B11
B 738,GARUDA,Komersial,B2
HK 800,AFM,CHARTER,B5
ATR 72,PELITA,Komersial,RW01
BBJ 2,PTN,CHARTER,BASE OPS
A 320,BATIK AIR,Komersial,A3
HK 800,AFM,CHARTER,NSA15
B 733,TRIGANA,cargo,B13
A 320,BATIK AIR,Komersial,A3
KING AIR,AFM,CHARTER,B4
ATR 72,FLY JAYA,Komersial,B2
EMB 135,BGS,CHARTER,B5
A 320,BATIK AIR,Komersial,B6
A 320,BATIK AIR,Komersial,B3
A 320,BATIK AIR,Komersial,A3
ATR 72,CITILINK,Komersial,B2
A 320,BATIK AIR,Komersial,B1
B 733,JAYAWIJAYA,cargo,B12
A 320,BATIK AIR,Komersial,A3
ATR 72,FLY JAYA,Komersial,B2
B 733,TRIGANA,cargo,B9
B 735,CITILINK,Komersial,B10
B 738,GARUDA,Komersial,B2
A 320,CITILINK,Komersial,B1
EMB 135,,CHARTER,B4
A 320,BATIK AIR,Komersial,A3
A 320,BATIK AIR,Komersial,B3
ATR 72,CITILINK,Komersial,B4
A 320,BATIK AIR,Komersial,A3
EMB 135,KARISMA,CHARTER,B6
A 320,BATIK AIR,Komersial,B1
A 320,BATIK AIR,Komersial,B2
A 320,BATIK AIR,Komersial,A3
ATR 72,FLY JAYA,Komersial,B2
BBJ,JIP,CHARTER,B4
C 208,SUSI AIR,Komersial,A2
B 733,AIRNESIA,cargo,B12
A 320,CITILINK,Komersial,B3
A 320,BATIK AIR,Komersial,B1
KING AIR,AFM,CHARTER,B7
A 320,BATIK AIR,Komersial,A3
B 738,GARUDA,Komersial,B2
ATR 72,CITILINK,Komersial,A2
KING AIR,AFM,CHARTER,NSA11
GLEX,KARISMA,CHARTER,B5
PH 300,PURAWISATA,CHARTER,B6
A 320,CITILINK,Komersial,B3
EMB 135,KARISMA,CHARTER,B4
KING AIR,TRAVIRA,CHARTER,B1
A 320,BATIK AIR,Komersial,B7
EMB 135,BGS,CHARTER,B5
GLEX,PREMI,CHARTER,B2
B 733,TRI MG,cargo,B13
PH 300,PURAWISATA,CHARTER,A2
GLEX,KARISMA,CHARTER,RE01
B 733,JAYAWIJAYA,cargo,B10
EMB 135,KARISMA,CHARTER,B4
B 733,TRIGANA,cargo,B11
EMB 135,KARISMA,CHARTER,RW07
A 320,BATIK AIR,Komersial,A3
B 735,CITILINK,Komersial,B9
HK 800,JETSET,CHARTER,B4
GLEX,PREMI,CHARTER,A1
EMB 135,KARISMA,CHARTER,RW08
EMB 135,AMM,CHARTER,RW09
A 320,BATIK AIR,Komersial,B2
A 320,BATIK AIR,Komersial,B8
A 320,BATIK AIR,Komersial,A3
A 320,BATIK AIR,Komersial,B7
B 734,B. B. N.,CHARTER,B10
ATR 72,CITILINK,Komersial,B3
A 320,CITILINK,Komersial,B1
B 738,GARUDA,Komersial,B5
HK 800,JETSET,CHARTER,A1
BBJ,JIP,CHARTER,B4
B 738,GARUDA,Komersial,B2
G 500,JIP,CHARTER,B5
ATR 72,PELITA,Komersial,A2
EMB 135,AMM,CHARTER,B11
A 320,BATIK AIR,Komersial,B7
B 733,AIRNESIA,cargo,B13
ATR 72,FLY JAYA,Komersial,B2
B 733,TRIGANA,cargo,B12
C 208,SUSI AIR,Komersial,A2
A 320,BATIK AIR,Komersial,B1
A 320,BATIK AIR,Komersial,B7
G IV,JIP,CHARTER,B4
ATR 72,CITILINK,Komersial,B5
A 320,BATIK AIR,Komersial,B7
PH 300,PREMI,CHARTER,B3
RJ 85,SETNEG,CHARTER,A2
A 320,BATIK AIR,Komersial,B1
G IV,JIP,CHARTER,RE07
A 320,BATIK AIR,Komersial,A3
DO 328,JAS,CHARTER,B11
B 733,TRIGANA,cargo,B13
G IV,JIP,CHARTER,B4
A 320,BATIK AIR,Komersial,B5
B 738,GARUDA,Komersial,B2
A 320,BATIK AIR,Komersial,A3
B 733,AIRNESIA,cargo,B8
DO 328,JAS,CHARTER,RW01
A 320,BATIK AIR,Komersial,A3
ATR 72,FLY JAYA,Komersial,B1
ATR 72,CITILINK,Komersial,B2
C 208,SUSI AIR,Komersial,A2
A 320,BATIK AIR,Komersial,B6
A 320,BATIK AIR,Komersial,B7
ATR 72,PELITA,Komersial,A2
B 733,JAYAWIJAYA,cargo,B11
A 320,BATIK AIR,Komersial,A3
G IV,JETSET,CHARTER,B3
G VI,KARISMA,CHARTER,B4
A 320,BATIK AIR,Komersial,B1
A 320,CITILINK,Komersial,B2
PH 300,PREMI,CHARTER,B3
EMB 135,KARISMA,CHARTER,B4
A 320,CITILINK,Komersial,A3
C 212,TRANSWISATA,CHARTER,SA01
G IV,JETSET,CHARTER,RW05
C 212,TRANSWISATA,CHARTER,SA01
A 320,BATIK AIR,Komersial,B7
ATR 72,CITILINK,Komersial,A3
B 738,GARUDA,Komersial,B2
BBJ,JIP,CHARTER,B4
EMB 135,KARISMA,CHARTER,RW10
A 320,BATIK AIR,Komersial,B6
GLEX,PREMI,CHARTER,RW09
A 320,BATIK AIR,Komersial,B7
B 733,TRIGANA,cargo,B13
BBJ,JIP,CHARTER,A2
A 320,CITILINK,Komersial,B1
BBJ 2,PTN,CHARTER,B11
A 320,BATIK AIR,Komersial,B4
A 320,BATIK AIR,Komersial,B6
A 320,BATIK AIR,Komersial,B2
B 738,GARUDA,Komersial,B3
ATR 72,TAS,CHARTER,B2
PA 34,PENAS,CHARTER,NSA01
CT 650,ENGGANG,CHARTER,NSA02
HK 900,TRI MG,cargo,NSA03
HK 400,TRI MG,cargo,NSA04
HK 800,TRI MG,cargo,NSA05
LJ 31,IAP,CHARTER,NSA06
FOKKER 27,TNI AU,Militer,NSA07
FOKKER 27,TNI AU,Militer,NSA08
FOKKER 28,TNI AU,Militer,NSA09
HK 800,KARISMA,CHARTER,NSA10
KING AIR,AFM,CHARTER,NSA11
HK 900,KARISMA,CHARTER,NSA12
HK 850,KARISMA,CHARTER,NSA13
HK 800,AFM,CHARTER,NSA14
CT 680,JIP,CHARTER,NSA15
LJ 55,BGS,CHARTER,NSA16
GLEX,KARISMA,CHARTER,RE01
GLEX,BIOMANTARA,CHARTER,RE02
EMB 135,AFM,CHARTER,RE03
G VI,PREMI,CHARTER,RE04
G VI,AFM,CHARTER,RE05
DO 328,JAS,CHARTER,RW01
ATR 42,IAT,CHARTER,RW02
EMB 135,KARISMA,CHARTER,RW03
G V,AFM,CHARTER,RW04
G IV,JETSET,CHARTER,RW05
EMB 135,IAT,CHARTER,RW06
EMB 135,KARISMA,CHARTER,RW07
EMB 135,KARISMA,CHARTER,RW08
GLEX,PREMI,CHARTER,RW09
EMB 135,KARISMA,CHARTER,RW10
GLEX,PTN,CHARTER,A1
GLEX,PREMI,CHARTER,A1
EMB 135,PREMI,CHARTER,A1
BBJ,JIP,CHARTER,A2
PH 300,PURAWISATA,CHARTER,A2
ATR 72,CITILINK,Komersial,A3
A 320,CITILINK,Komersial,B1
ATR 72,TAS,CHARTER,B2
B 738,GARUDA,Komersial,B3
A 320,BATIK AIR,Komersial,B4
A 320,BATIK AIR,Komersial,B6
A 320,BATIK AIR,Komersial,B7
B 735,CITILINK,Komersial,B9
B 734,B. B. N.,CHARTER,B10
BBJ 2,PTN,CHARTER,B11
B 733,TRI MG,cargo,B12
GLEX,PREMI,CHARTER,B3
B 738,GARUDA,Komersial,B4
DO 328,JAS,CHARTER,B9
ATR 72,FLY JAYA,Komersial,B2
A 320,BATIK AIR,Komersial,A3
B 733,TRIGANA,cargo,B13
C 208,SUSI AIR,Komersial,B1
G VI,KARISMA,CHARTER,B5
A 320,BATIK AIR,Komersial,B7
A 320,BATIK AIR,Komersial,B8
ATR 72,CITILINK,Komersial,B2
HK 800,JETSET,CHARTER,A3
A 320,BATIK AIR,Komersial,B1
B 733,TRIGANA,cargo,B12
B 733,JAYAWIJAYA,cargo,B9
B 733,AIRNESIA,cargo,B8
G VI,KARISMA,CHARTER,A1
GLEX,PREMI,CHARTER,B3
G V,AFM,CHARTER,B5
G IV,JETSET,CHARTER,B6
HK 800,JETSET,CHARTER,A2
LJ 55,,CHARTER,B7
A 320,BATIK AIR,Komersial,B1
A 320,BATIK AIR,Komersial,B2
ATR 72,CITILINK,Komersial,B5
B 738,GARUDA,Komersial,A3
A 320,BATIK AIR,Komersial,B1
A 320,BATIK AIR,Komersial,B7
G IV,AFM,CHARTER,B4
ATR 72,FLY JAYA,Komersial,B2
B 735,CITILINK,Komersial,B13
A 320,BATIK AIR,Komersial,B6
C 208,SUSI AIR,Komersial,A1
A 320,BATIK AIR,Komersial,B1
AW 169,KARISMA,CHARTER,WR01
G IV,AFM,CHARTER,RE06
CL 850,JETSET,CHARTER,B4
G IV,JETSET,CHARTER,B3
A 320,BATIK AIR,Komersial,B2
A 320,BATIK AIR,Komersial,B3
ATR 72,TAS,CHARTER,A3
DO 146,PT JAS,CHARTER,B7
G IV,PTN,CHARTER,B6
EMB 135,JETSET,CHARTER,RE07
CL 850,JETSET,CHARTER,RW01
G IV,JETSET,CHARTER,RW04
A 320,BATIK AIR,Komersial,B7
ATR 72,PELITA,Komersial,B3
ATR 72,CITILINK,Komersial,B1
DO 146,PT JAS,CHARTER,RW05
A 320,BATIK AIR,Komersial,B2
A 320,CITILINK,Komersial,B6
A 320,CITILINK,Komersial,B2
A 320,BATIK AIR,Komersial,B9
G 500,JIP,CHARTER,B5
G IV,JIP,CHARTER,B4
GLEX,AFM,CHARTER,B5
HK 800,JETSET,CHARTER,RW07
GLEX,,CHARTER,A1
B 733,TRIGANA,cargo,B13
B 738,GARUDA,Komersial,B2
AW 169,,CHARTER,B6
G IV,JIP,CHARTER,A2
A 320,BATIK AIR,Komersial,B6
B 735,CITILINK,Komersial,B12
A 320,CITILINK,Komersial,B8
A 320,BATIK AIR,Komersial,B3
A 320,BATIK AIR,Komersial,B5
A 320,BATIK AIR,Komersial,B6
ATR 72,PELITA,Komersial,A3
B 733,JAYAWIJAYA,cargo,B9
LJ 55,B. G. S.,CHARTER,B4
GLEX,PREMI,CHARTER,B3
B 738,GARUDA,Komersial,B2
LJ 55,B. G. S.,CHARTER,NSA16
G IV,JETSET,CHARTER,B3
EMB 135,KARISMA,CHARTER,B4
B 733,TRI MG,cargo,B10
A 320,BATIK AIR,Komersial,B1
AW 169,KARISMA,CHARTER,B6
ATR 72,FLY JAYA,Komersial,B2
B 734,B. B. N.,CHARTER,B13
AW 169,KARISMA,CHARTER,B5
C 208,SUSI AIR,Komersial,A3
A 320,BATIK AIR,Komersial,B3
A 320,BATIK AIR,Komersial,B8
ATR 72,CITILINK,Komersial,B2
A 320,BATIK AIR,Komersial,B2
AVANTI,SUSI AIR,Komersial,A3
B 738,GARUDA,Komersial,B3
A 320,BATIK AIR,Komersial,B2
G IV,JETSET,CHARTER,B5
CL 850,JETSET,CHARTER,B6
ATR 72,FLY JAYA,Komersial,A3
A 320,BATIK AIR,Komersial,B7
A 320,BATIK AIR,Komersial,B1
B 735,CITILINK,Komersial,B12
LJ 55,AMM,CHARTER,B9
ATR 72,CITILINK,Komersial,B4
ATR 72,TAS,CHARTER,A3
A 320,BATIK AIR,Komersial,B7
B 733,AIRNESIA,cargo,B10
G IV,JETSET,CHARTER,RW01
GLEX,PTN,CHARTER,B3
B 733,JAYAWIJAYA,cargo,B10
A 320,BATIK AIR,Komersial,B7
ATR 72,CITILINK,Komersial,A3
A 320,CITILINK,Komersial,B8
A 320,BATIK AIR,Komersial,B9
A 320,CITILINK,Komersial,B6
A 320,BATIK AIR,Komersial,B1
B 733,TRIGANA,cargo,B13
G 500,JIP,CHARTER,B4
EMB 135,KARISMA,CHARTER,B5
GV,BIOMANTARA,CHARTER,B5
B 738,GARUDA,Komersial,B2
C 212,TRANSWISATA,CHARTER,SA01
EMB 135,KARISMA,CHARTER,RW04
C 212,TRANSWISATA,CHARTER,SA01
ATR 72,TAS,CHARTER,A1
B 734,B. B. N.,CHARTER,B3
BBJ 2,PTN,CHARTER,BASEOPS
G IV,JIP,CHARTER,B5
ATR 72,PELITA,Komersial,A3
A 320,BATIK AIR,Komersial,B2
GLEX,PREMI,CHARTER,RW09
B 734,B. B. N.,CHARTER,B11
A 320,BATIK AIR,Komersial,B3
B 735,CITILINK,Komersial,B13
ATR 72,PELITA,Komersial,B5
ATR 72,CITILINK,Komersial,A3
B 733,TRIGANA,cargo,B4
A 320,CITILINK,Komersial,B8
A 320,BATIK AIR,Komersial,B2
B 738,GARUDA,Komersial,B1
A 320,BATIK AIR,Komersial,B2
C 208,SUSI AIR,Komersial,B4
C 208,SUSI AIR,Komersial,A3
A 320,BATIK AIR,Komersial,B6
A 320,BATIK AIR,Komersial,B9
PH 300,PREMI,CHARTER,B3
GLEX,PREMI,CHARTER,B4
G IV,TRAVIRA,CHARTER,B7
CT 680,PREMI,CHARTER,RW09
B 733,TRI MG,cargo,B10
CT 700,B.G.S,CHARTER,B6
EMB 135,PTN,CHARTER,A3
A 320,BATIK AIR,Komersial,B2
DO 328,JAS,CHARTER,B10
PH 300,PREMI,CHARTER,B3
EMB 135,PTN,CHARTER,RW05
CT 680,PREMI,CHARTER,B7
C 208,SUSI AIR,Komersial,A3
ATR 72,FLY JAYA,Komersial,B1
L 1000,PREMI,CHARTER,B4
A 320,BATIK AIR,Komersial,B2
B 733,TRIGANA,cargo,B13
A 320,BATIK AIR,Komersial,B1
HK 900,KARISMA,CHARTER,B5
PH 300,PREMI,CHARTER,NSA12
ATR 72,CITILINK,Komersial,B3
C 208,SUSI AIR,Komersial,A3
A 320,BATIK AIR,Komersial,B6
B 733,JAYAWIJAYA,cargo,B9
A 320,BATIK AIR,Komersial,B8
B 738,GARUDA,Komersial,B3
A 320,BATIK AIR,Komersial,B1
B 735,CITILINK,Komersial,B12
A 320,BATIK AIR,Komersial,B7
A 320,BATIK AIR,Komersial,B9
ATR 72,CITILINK,Komersial,B2
ATR 72,FLY JAYA,Komersial,B5
A 320,BATIK AIR,Komersial,B1
L 1000,PREMI,CHARTER,A1
GLEX,BIOMANTARA,CHARTER,B10
A 320,BATIK AIR,Komersial,B2
GLEX,BIOMANTARA,CHARTER,RE02
G IV,TRAVIRA,CHARTER,B7
BBJ,JIP,CHARTER,B4
CL 850,JETSET,CHARTER,B6
B 733,TRIGANA,cargo,B10
A 320,BATIK AIR,Komersial,A3
ATR 72,CITILINK,Komersial,A2
ATR 72,FLY JAYA,Komersial,B3
A 320,BATIK AIR,Komersial,B1
A 320,CITILINK,Komersial,B2
A 320,BATIK AIR,Komersial,B7
ATR 72,PELITA,Komersial,A3
AW 139,TRAVIRA,CHARTER,SA01
B 733,JAYAWIJAYA,cargo,B12
A 320,CITILINK,Komersial,B2
CL 850,JETSET,CHARTER,RW09
B 738,GARUDA,Komersial,B5
A 320,BATIK AIR,Komersial,B1
A 320,BATIK AIR,Komersial,B8
A 320,BATIK AIR,Komersial,B1
LJ 55,B. G. S.,CHARTER,B4
CL 850,PREMI,CHARTER,B3
B 735,CITILINK,Komersial,B12
LJ 55,BGS,CHARTER,NSA12
CL 850,PREMI,CHARTER,RW05
A 320,BATIK AIR,Komersial,B1
CT 700,BGS,CHARTER,B4
A 320,CITILINK,Komersial,B7
B 734,B. B. N.,CHARTER,B11
A 320,BATIK AIR,Komersial,B1
A 320,BATIK AIR,Komersial,B9
GLEX,PREMI,CHARTER,B3
GLEX,PREMI,CHARTER,RW10
B 738,GARUDA,Komersial,B2
A 320,BATIK AIR,Komersial,B8
G VI,PREMI,CHARTER,B3
HK 800,JETSET,CHARTER,B4
B 733,TRI MG,cargo,B10
EMB 135,KARISMA,CHARTER,B5
A 320,BATIK AIR,Komersial,B1
G IV,JIP,CHARTER,B6
CL 850,PREMI,CHARTER,B3
ATR 72,FLY JAYA,Komersial,B2
G VI,KARISMA,CHARTER,B4
C 208,SUSI AIR,Komersial,A2
B 733,TRIGANA,cargo,B13
A 320,BATIK AIR,Komersial,A3
A 320,BATIK AIR,Komersial,B8
ATR 72,CITILINK,Komersial,B2
C 208,SUSI AIR,Komersial,B1
B 738,GARUDA,Komersial,B2
A 320,CITILINK,Komersial,B3
A 320,BATIK AIR,Komersial,B7
A 320,BATIK AIR,Komersial,B1
A 320,BATIK AIR,Komersial,B6
A 320,BATIK AIR,Komersial,A3
ATR 72,FLY JAYA,Komersial,A2
A 320,BATIK AIR,Komersial,B8
A 320,BATIK AIR,Komersial,B1
ATR 72,CITILINK,Komersial,A2
A 320,BATIK AIR,Komersial,A3
B 733,JAYAWIJAYA,cargo,B13
HK 850,KARISMA,CHARTER,B4
C 208,SUSI AIR,Komersial,A2
G IV,JIP,CHARTER,B3
G VI,AFM,CHARTER,B5
B 733,TRIGANA,cargo,B12
B 733,TRIGANA,cargo,B13
ATR 72,FLY JAYA,Komersial,B1
A 320,BATIK AIR,Komersial,A3
A 320,BATIK AIR,Komersial,B7
CT 680,JIP,CHARTER,B4
ATR 72,PELITA,Komersial,A2
A 320,BATIK AIR,Komersial,B8
B 738,GARUDA,Komersial,B2
ATR 72,CITILINK,Komersial,A3
A 320,CITILINK,Komersial,B1
A 320,BATIK AIR,Komersial,B9
A 320,BATIK AIR,Komersial,B10
G IV,JIP,CHARTER,A1
EMB 135,KARISMA,CHARTER,B3
EMB 135,KARISMA,CHARTER,RW05
HK 800,JETSET,CHARTER,B7
B 735,CITILINK,Komersial,B11
A 320,CITILINK,Komersial,B1
A 320,BATIK AIR,Komersial,B2
HK 800,JETSET,CHARTER,RW07
A 320,BATIK AIR,Komersial,B3
A 320,CITILINK,Komersial,B2
GLEX,PTN,CHARTER,B4
B 734,B. B. N.,CHARTER,B13
A 320,BATIK AIR,Komersial,B7
B 738,GARUDA,Komersial,B3
A 320,BATIK AIR,Komersial,B8
A 320,BATIK AIR,Komersial,B1
GLEX,PTN,CHARTER,RW08
ATR 72,TAS,CHARTER,A3
HK 800,JETSET,CHARTER,B5
EMB 135,AFM,CHARTER,B4
PH 300,PURAWISATA,CHARTER,B7
B 733,TRI MG,cargo,B10
A 320,BATIK AIR,Komersial,A3
AW 109,TRANSWISATA,CHARTER,B6
R 66,PTN,CHARTER,WR01
B 733,TRIGANA,cargo,B10
ATR 72,FLY JAYA,Komersial,B2
C 208,SUSI AIR,Komersial,A2
C 208,SUSI AIR,Komersial,A3
G VI,BIOMANTARA,CHARTER,RE03
A 320,BATIK AIR,Komersial,B9
A 320,BATIK AIR,Komersial,B1
B 733,JAYAWIJAYA,cargo,B12
PH 300,PREMI,CHARTER,B3
A 320,BATIK AIR,Komersial,A2
ATR 72,CITILINK,Komersial,B2
G VI,BIOMANTARA,CHARTER,B4
AW 109,TRANSWISATA,CHARTER,B5
A 320,BATIK AIR,Komersial,A3
GLEX,KARISMA,CHARTER,B5
A 320,BATIK AIR,Komersial,B7
ATR 72,FLY JAYA,Komersial,B1
HK 900,KARISMA,CHARTER,B3
B 738,GARUDA,Komersial,B1
A 320,CITILINK,Komersial,A2
G VI,PREMI,CHARTER,B2
GLEX,KARISMA,CHARTER,B8
A 320,BATIK AIR,Komersial,B7
HK 900,KARISMA,CHARTER,NSA14
ATR 72,CITILINK,Komersial,B2
A 320,BATIK AIR,Komersial,A2
A 320,BATIK AIR,Komersial,B7
R 66,ENGGANG,CHARTER,WR01
G 7500,PREMI,CHARTER,B3
GLEX,KARISMA,CHARTER,RE01
PH 300,PREMI,CHARTER,B4
PH 300,PURAWISATA,CHARTER,B5
A 320,BATIK AIR,Komersial,B1
B 733,TRIGANA,cargo,B12
A 320,BATIK AIR,Komersial,B7
ATR 72,FLY JAYA,Komersial,B2
B 733,TRIGANA,cargo,B11
A 320,CITILINK,Komersial,B1
A 320,BATIK AIR,Komersial,B2
ATR 72,TAS,CHARTER,B2
B 738,GARUDA,Komersial,B4
ATR 72,CITILINK,Komersial,A2
ATR 72,PELITA,Komersial,B5
A 320,BATIK AIR,Komersial,B8
A 320,BATIK AIR,Komersial,A3
A 320,CITILINK,Komersial,B1
CL 850,PREMI,CHARTER,B3
B 733,JAYAWIJAYA,cargo,B12
A 320,BATIK AIR,Komersial,B7
B 735,CITILINK,Komersial,B13
ATR 72,PELITA,Komersial,RE03
PH 300,PURAWISATA,CHARTER,A2
A 320,BATIK AIR,Komersial,A3
ATR 72,TAS,CHARTER,RW07
A 320,CITILINK,Komersial,B1
A 320,BATIK AIR,Komersial,B7
B 734,B. B. N.,CHARTER,B11
A 320,BATIK AIR,Komersial,A3
B 733,TRIGANA,cargo,B12
A 320,BATIK AIR,Komersial,B7
B 738,GARUDA,Komersial,B2
GLEX,KARISMA,CHARTER,B4
ATR 72,FLY JAYA,Komersial,B2
A 320,BATIK AIR,Komersial,B1
A 320,BATIK AIR,Komersial,B9
A 320,BATIK AIR,Komersial,A2
PH 300,PURAWISATA,CHARTER,A2
LJ 55,B.G.S,CHARTER,B6
ATR 42,IAT,CHARTER,B3
B 738,GARUDA,Komersial,B2
A 320,BATIK AIR,Komersial,A3
A 320,CITILINK,Komersial,B1
A 320,BATIK AIR,Komersial,B7
B 733,JAYAWIJAYA,cargo,B12
B 733,TRIGANA,cargo,B10
ATR 72,CITILINK,Komersial,A2
B 733,TRIGANA,cargo,B13
AS 350,DERAZONA,CHARTER,WR01
A 320,BATIK AIR,Komersial,A3
G VI,KARISMA,CHARTER,B4
C 208,SUSI AIR,Komersial,A2
A 320,BATIK AIR,Komersial,B1
A 320,BATIK AIR,Komersial,A3
G VI,KARISMA,CHARTER,A1
ATR 72,CITILINK,Komersial,B6
A 320,CITILINK,Komersial,B2
B 738,GARUDA,Komersial,B3
A 320,BATIK AIR,Komersial,B7
A 320,CITILINK,Komersial,B1
HK 800,JETSET,CHARTER,B4
B 735,CITILINK,Komersial,B12
B 733,JAYAWIJAYA,cargo,B10
A 320,BATIK AIR,Komersial,A3
HK 800,JETSET,CHARTER,NSA12
A 320,BATIK AIR,Komersial,B8
A 320,BATIK AIR,Komersial,B1
EMB 135,AFM,CHARTER,B4
A 320,CITILINK,Komersial,B2
A 320,BATIK AIR,Komersial,B1
B 738,GARUDA,Komersial,B3
EMB 135,AFM,CHARTER,RE01
A 320,BATIK AIR,Komersial,B9
HK 800,JETSET,CHARTER,B4
A 320,BATIK AIR,Komersial,B5
G IV,JIP,CHARTER,B3
B 733,TRIGANA,cargo,B11
ATR 72,FLY JAYA,Komersial,B2
C 208,SUSI AIR,Komersial,A2
B 734,B. B. N.,CHARTER,B13
A 320,BATIK AIR,Komersial,B7
A 320,BATIK AIR,Komersial,A3
ATR 72,CITILINK,Komersial,B2
G IV,JIP,CHARTER,A1
G IV,JETSET,CHARTER,B5
A 320,BATIK AIR,Komersial,B8
CL 850,JETSET,CHARTER,B4
PH 300,PURAWISATA,CHARTER,B7
A 320,BATIK AIR,Komersial,B8
A 320,BATIK AIR,Komersial,A3
A 320,CITILINK,Komersial,B3
B 738,GARUDA,Komersial,B2
ATR 72,FLY JAYA,Komersial,A2
B 733,TRIGANA,cargo,B11
A 320,BATIK AIR,Komersial,A3
ATR 72,CITILINK,Komersial,B3
C 172,GENESA,CHARTER,SA01
A 320,BATIK AIR,Komersial,B1
ATR 72,PELITA,Komersial,A2
A 320,BATIK AIR,Komersial,B7
G V,TRAVIRA,CHARTER,SA01
A 320,BATIK AIR,Komersial,A3
A 320,CITILINK,Komersial,B2
GLEX,KARISMA,CHARTER,RW08
G VI,AFM,CHARTER,B3
G IV,JIP,CHARTER,B4
B 733,JAYAWIJAYA,cargo,B10
ATR 72,CITILINK,Komersial,A2
A 320,BATIK AIR,Komersial,B1
G 500,JIP,CHARTER,B6
G VI,BIOMANTARA,CHARTER,B5
CL 850,JETSET,CHARTER,B4
A 320,BATIK AIR,Komersial,B7
A 320,BATIK AIR,Komersial,A3
G VI,AFM,CHARTER,RE02
CL 850,JETSET,CHARTER,RW09
A 320,BATIK AIR,Komersial,B7
FAL 7X,GAPURA,CHARTER,BASEOPS
FAL 7X,GAPURA,CHARTER,SA01
C 130,TNI AU,Militer,SA02
B 738,GARUDA,Komersial,B2
A 320,CITILINK,Komersial,B1
A 320,BATIK AIR,Komersial,B11
ATR 72,TAS,CHARTER,B3
BBJ 2,PTN,CHARTER,B8
B 733,TRI MG,cargo,B6
A 320,BATIK AIR,Komersial,A3
ATR 72,FLY JAYA,Komersial,B2
B 733,TRIGANA,cargo,B7
A 320,BATIK AIR,Komersial,B3
C 208,SUSI AIR,Komersial,A3
A 320,BATIK AIR,Komersial,B1
A 320,BATIK AIR,Komersial,B2
ATR 72,CITILINK,Komersial,B5
A 320,BATIK AIR,Komersial,A3
A 320,BATIK AIR,Komersial,B1
ATR 72,FLY JAYA,Komersial,B2
G IV,JIP,CHARTER,B3
B 738,GARUDA,Komersial,B4
C 208,SUSI AIR,Komersial,A2
A 320,CITILINK,Komersial,B1
A 320,BATIK AIR,Komersial,A3
G IV,JIP,CHARTER,B4
A 320,BATIK AIR,Komersial,B2
ATR 72,CITILINK,Komersial,A2
A 320,BATIK AIR,Komersial,B9
A 320,BATIK AIR,Komersial,A3
EMB 135,JETSET,CHARTER,RW02
A 320,BATIK AIR,Komersial,B1
ATR 72,TAS,CHARTER,B1
ATR 42,IAT,CHARTER,A3
A 320,BATIK AIR,Komersial,B1
A 320,CITILINK,Komersial,B3
B 738,GARUDA,Komersial,B2
A 320,BATIK AIR,Komersial,B7
ATR 72,FLY JAYA,Komersial,A2
A 320,CITILINK,Komersial,B3
ATR 72,CITILINK,Komersial,B6
B 735,CITILINK,Komersial,B13
A 320,BATIK AIR,Komersial,B11
C 17,AFM,CHARTER,SA01
ATR 72,TAS,CHARTER,A1
ATR 42,IAT,CHARTER,RW09
B 733,TRIGANA,cargo,B9
B 733,TRIGANA,cargo,B12
BBJ 2,PTN,CHARTER,SA03
ATR 72,CITILINK,Komersial,A2
A 320,BATIK AIR,Komersial,B6
A 320,CITILINK,Komersial,B1
A 320,BATIK AIR,Komersial,A3
A 320,BATIK AIR,Komersial,B8
B 734,B. B. N.,CHARTER,B11
B 738,GARUDA,Komersial,B2
C 17,AFM,CHARTER,SA01
ATR 72,PELITA,Komersial,B5
G VI,PREMI,CHARTER,B3
PH 300,PREMI,CHARTER,B4
B 733,TRIGANA,cargo,B9
B 733,TRI MG,cargo,B12
B 733,JAYAWIJAYA,cargo,B10
G V,TRAVIRA,CHARTER,B7
A 320,BATIK AIR,Komersial,B6
ATR 72,FLY JAYA,Komersial,B2
A 320,BATIK AIR,Komersial,B1
C 172,GENESA,CHARTER,SA02
A 320,BATIK AIR,Komersial,B2
B 733,TRIGANA,cargo,B13
A 320,BATIK AIR,Komersial,B8
B 738,GARUDA,Komersial,B5
A 320,BATIK AIR,Komersial,B7
ATR 72,CITILINK,Komersial,A3
C 130,TNI AU,Militer,SA02
C 208,SUSI AIR,Komersial,A2
PH 300,PURAWISATA,CHARTER,B6
CT 700,JETSET,CHARTER,B4
A 320,BATIK AIR,Komersial,B1
ATR 72,TRAVIRA,CHARTER,A2
ATR 42,IAT,CHARTER,B5
B 738,TNI AU,Militer,BASEOPS
ATR 72,FLY JAYA,Komersial,A3
A 320,BATIK AIR,Komersial,B7
B 735,CITILINK,Komersial,B12
B 738,GARUDA,Komersial,B3
A 320,CITILINK,Komersial,B2
A 320,BATIK AIR,Komersial,B6
A 320,BATIK AIR,Komersial,A3
ATR 72,CITILINK,Komersial,B5
A 320,BATIK AIR,Komersial,B7
B 733,TRIGANA,cargo,B13
A 320,BATIK AIR,Komersial,B6
GLEX,PTN,CHARTER,B3
ATR 72,FLY JAYA,Komersial,B2
ATR 72,TAS,CHARTER,A1
A 320,BATIK AIR,Komersial,A2
A 320,BATIK AIR,Komersial,A3
A 320,BATIK AIR,Komersial,B5
A 320,CITILINK,Komersial,B1
GLEX,KARISMA,CHARTER,B3
B 738,GARUDA,Komersial,B2
A 320,BATIK AIR,Komersial,B6
ATR 72,TRAVIRA,CHARTER,A2
G IV,AFM,CHARTER,SA02
G V,TRAVIRA,CHARTER,B7
ATR 72,CITILINK,Komersial,A2
A 320,CITILINK,Komersial,B9
ATR 42,IAT,CHARTER,A3
G V,AFM,CHARTER,B4
ATR 72,TAS,CHARTER,RW06
LJ 55,B. G. S.,CHARTER,B10
L 1000,PREMI,CHARTER,SA05
B 733,TRIGANA,cargo,B12
G VI,PREMI,CHARTER,B1
B 735,CITILINK,Komersial,B11
ATR 72,PELITA,Komersial,A1
A 320,BATIK AIR,Komersial,SA06
A 320,BATIK AIR,Komersial,B7
B 738,TNI AU,Militer,BASEOPS
ATR 42,IAT,CHARTER,RW10
A 320,BATIK AIR,Komersial,A3
B 777-200,KARISMA,CHARTER,SA03
GLEX,KARISMA,CHARTER,RE03
A 320,BATIK AIR,Komersial,B1
B 734,B. B. N.,CHARTER,B10
A 320,CITILINK,Komersial,B7
B 733,JAYAWIJAYA,cargo,B9
EC 135,PREMI,CHARTER,SA04
A 320,BATIK AIR,Komersial,B8
A 320,BATIK AIR,Komersial,B1
B 738,GARUDA,Komersial,B2
BBJ 2,PTN,CHARTER,SA07
ATR 72,TAS,CHARTER,B4
GLEX,PREMI,CHARTER,B3
G VI,PREMI,CHARTER,B6
B 733,TRI MG,cargo,B12
HK 900,KARISMA,CHARTER,B4
A 320,BATIK AIR,Komersial,A3
CL 850,PREMI,CHARTER,B8
GLEX,KARISMA,CHARTER,B5
ATR 72,FLY JAYA,Komersial,B2
B 733,TRIGANA,cargo,B13
C 208,SUSI AIR,Komersial,A1
A 320,BATIK AIR,Komersial,A3
A 320,BATIK AIR,Komersial,B4
ATR 72,CITILINK,Komersial,B6
A 320,BATIK AIR,Komersial,B1
FAL 7X,AFM,CHARTER,B3
G VI,AFM,CHARTER,SA07
A 320,BATIK AIR,Komersial,A3
HK 800,JETSET,CHARTER,B5
B 733,TRI MG,cargo,B11
FAL 7X,AFM,CHARTER,SA08
ATR 72,FLY JAYA,Komersial,B1
PIPER PA 34,GENESA,CHARTER,SA09
A 320,BATIK AIR,Komersial,A1
A 320,CITILINK,Komersial,B2
PIPER PA 34,GENESA,CHARTER,SA13
GLEX,BIOMANTARA,CHARTER,SA09
B 738,GARUDA,Komersial,B4
B 735,CITILINK,Komersial,B12
B 733,JAYAWIJAYA,cargo,B9
ATR 72,CITILINK,Komersial,A2
G IV,JETSET,CHARTER,B7
A 320,BATIK AIR,Komersial,A1
A 320,BATIK AIR,Komersial,B1
A 320,BATIK AIR,Komersial,A3
G IV,JETSET,CHARTER,SA02
ATR 72,TRAVIRA,CHARTER,B2
A 320,BATIK AIR,Komersial,B7
GLEX,KARISMA,CHARTER,B5
B 733,TRIGANA,cargo,B11
GLEX,KARISMA,CHARTER,SA10
A 320,BATIK AIR,Komersial,B1
ATR 72,FLY JAYA,Komersial,B2
A 320,BATIK AIR,Komersial,A2
ATR 72,PELITA,Komersial,A1
A 320,CITILINK,Komersial,A3
LJ 55,AMM,CHARTER,B7
A 320,CITILINK,Komersial,B1
B 738,GARUDA,Komersial,B2
A 320,BATIK AIR,Komersial,B8
LJ 55,AMM,CHARTER,NSA14
ATR 72,CITILINK,Komersial,A3
HK 800,JETSET,CHARTER,B4
A 320,BATIK AIR,Komersial,B7
A 320,BATIK AIR,Komersial,B4
B 738,GARUDA,Komersial,B5
HK 800,JETSET,CHARTER,NSA18
ATR 72,TAS,CHARTER,B1
B 735,CITILINK,Komersial,B13
CL 850,PREMI,CHARTER,B3
A 320,BATIK AIR,Komersial,B8
A 320,CITILINK,Komersial,B2
HK 900,KARISMA,CHARTER,B4
A 320,BATIK AIR,Komersial,B9
A 320,BATIK AIR,Komersial,B6
B 733,TRIGANA,cargo,B7
ATR 72,TAS,CHARTER,SA05
B 733,TRIGANA,cargo,B11
ATR 42,IAT,CHARTER,SA11
B 733,JAYAWIJAYA,cargo,B10
B 738,GARUDA,Komersial,B1
B 735,CITILINK,Komersial,SA12
B 733,TRIGANA,cargo,SA13
A 320,BATIK AIR,Komersial,SA14
A 320,BATIK AIR,Komersial,A2
EMB 135,KARISMA,CHARTER,SA15
CL 850,JETSET,CHARTER,B6
EMB 135,KARISMA,CHARTER,B4
G IV,JETSET,CHARTER,B3
A 320,BATIK AIR,Komersial,A1
B 733,TRI MG,cargo,B12
GLEX,AFM,CHARTER,B8
HK 800,AFM,CHARTER,B5
RJ 85,SETNEG,CHARTER,BASE OPS
A 320,BATIK AIR,Komersial,A3
ATR 72,FLY JAYA,Komersial,B2
C 208,SUSI AIR,Komersial,B1
B 734,B. B. N.,CHARTER,B13
A 320,BATIK AIR,Komersial,A1
FAL 7X,AFM,CHARTER,B4
A 320,BATIK AIR,Komersial,B1
A 320,BATIK AIR,Komersial,A3
ATR 72,CITILINK,Komersial,B2
CL 850,JETSET,CHARTER,B5
A 320,BATIK AIR,Komersial,A2
HK 800,JETSET,CHARTER,B4
A 320,BATIK AIR,Komersial,A1
B 738,GARUDA,Komersial,B2
B 733,TRI MG,cargo,B11
ATR 72,FLY JAYA,Komersial,B1
A 320,CITILINK,Komersial,A3
B 735,CITILINK,Komersial,B12
GLEX,AFM,CHARTER,B7
A 320,BATIK AIR,Komersial,A1
B 733,TRIGANA,cargo,B10
A 320,BATIK AIR,Komersial,B1
ATR 72,CITILINK,Komersial,A2
A 320,BATIK AIR,Komersial,A3
C 208,SUSI AIR,Komersial,A0
A 320,BATIK AIR,Komersial,B2
EMB 135,KARISMA,CHARTER,B5
B 733,TRIGANA,cargo,B9
G 500,JIP,CHARTER,B4
EMB 135,KARISMA,CHARTER,RW04
C 130,JAS,CHARTER,SA02
A 320,BATIK AIR,Komersial,A2
G IV,JIP,CHARTER,B7
ATR 72,FLY JAYA,Komersial,B1
G IV,JETSET,CHARTER,B3
A 320,BATIK AIR,Komersial,A1
B 733,JAYAWIJAYA,cargo,B13
A 320,CITILINK,Komersial,B1
A 320,BATIK AIR,Komersial,B8
ATR 72,CITILINK,Komersial,A2
B 738,GARUDA,Komersial,B2
A 320,CITILINK,Komersial,A1
ATR 72,PELITA,Komersial,A3
G IV,JIP,CHARTER,B4
G IV,JETSET,CHARTER,SA02
A 320,BATIK AIR,Komersial,B7
GLEX,PREMI,CHARTER,B3
B 733,JAYAWIJAYA,cargo,SA08
EMB 135,KARISMA,CHARTER,B5
EMB 135,,CHARTER,SA12
EMB 135,JETSET,CHARTER,SA13
EMB 135,,CHARTER,SA14
B 735,CITILINK,Komersial,B13
A 320,BATIK AIR,Komersial,A1
EMB 135,,CHARTER,SA16
A 320,BATIK AIR,Komersial,B7
A 320,BATIK AIR,Komersial,A1
B 733,TRI MG,cargo,B12
B 734,B. B. N.,CHARTER,B10
G 7500,PREMI,CHARTER,B3
G IV,JIP,CHARTER,B4
A 320,BATIK AIR,Komersial,B8
A 320,CITILINK,Komersial,B9
B 733,TRIGANA,cargo,B13
G IV,JIP,CHARTER,RE01
B 735,CITILINK,Komersial,SA17
A 320,BATIK AIR,Komersial,A1
B 738,GARUDA,Komersial,B2
B 733,TRIGANA,cargo,B12
B 733,TRI MG,cargo,SA18
ATR 72,TAS,CHARTER,B1
C 208,PTN,CHARTER,SA05
B 733,TRI MG,cargo,B11
G VI,KARISMA,CHARTER,B3
A 320,BATIK AIR,Komersial,A3
G IV,JIP,CHARTER,B4
ATR 72,FLY JAYA,Komersial,B1
HK 400,POLICE,CHARTER,B5
A 320,BATIK AIR,Komersial,A2
A 320,BATIK AIR,Komersial,A3
B 734,B. B. N.,CHARTER,B13
G VI,KARISMA,CHARTER,B4
ATR 72,CITILINK,Komersial,B2
A 320,BATIK AIR,Komersial,B1
EMB 135,KARISMA,CHARTER,B5
AW 139,PREMI,CHARTER,B7
C 208,PTN,CHARTER,SA19
AS 350,DERAZONA,CHARTER,WR01
G VI,KARISMA,CHARTER,B10
C 208,SUSI AIR,Komersial,A0
B 734,B. B. N.,CHARTER,SA05
A 320,BATIK AIR,Komersial,A3
A 320,BATIK AIR,Komersial,A1
ATR 72,FLY JAYA,Komersial,B3
B 738,GARUDA,Komersial,B2
B 735,CITILINK,Komersial,B13
A 320,CITILINK,Komersial,B1
B 733,JAYAWIJAYA,cargo,B11
EMB 135,AFM,CHARTER,B4
A 320,BATIK AIR,Komersial,B9
ATR 72,CITILINK,Komersial,B1
G IV,AFM,CHARTER,B5
A 320,BATIK AIR,Komersial,A2
A 320,BATIK AIR,Komersial,A1
C 208,PTN,CHARTER,SA19
B 733,TRIGANA,cargo,B12
G IV,JIP,CHARTER,B3
A 320,BATIK AIR,Komersial,A3
A 320,BATIK AIR,Komersial,A2
G VI,PREMI,CHARTER,B2
EMB 135,KARISMA,CHARTER,B8
A 320,BATIK AIR,Komersial,A1
ATR 72,FLY JAYA,Komersial,A3
G IV,JIP,CHARTER,SA01
EMB 135,KARISMA,CHARTER,SA08
HK 400,POLICE,CHARTER,B5
A 320,CITILINK,Komersial,B1
ATR 72,TAS,CHARTER,A1
G VI,KARISMA,CHARTER,B4
ATR 72,CITILINK,Komersial,A2
B 738,GARUDA,Komersial,B4
ATR 72,PELITA,Komersial,A3
C 208,PTN,CHARTER,SA19
A 320,CITILINK,Komersial,B2
HK 800,AFM,CHARTER,B5
A 320,BATIK AIR,Komersial,B7
A 320,BATIK AIR,Komersial,B8
A 320,BATIK AIR,Komersial,B6
B 733,TRIGANA,cargo,B12
B 733,TRIGANA,cargo,SA16
ATR 72,PELITA,Komersial,SA17
B 735,CITILINK,Komersial,B11
B 734,B. B. N.,CHARTER,B13
C 208,PTN,CHARTER,SA19
HK 800,AFM,CHARTER,NSA12
A 320,BATIK AIR,Komersial,B1
ATR 72,TAS,CHARTER,SA05
A 320,CITILINK,Komersial,A1
A 320,BATIK AIR,Komersial,B8
B 738,GARUDA,Komersial,B2
B 735,CITILINK,Komersial,SA11
A 320,PTN,CHARTER,B1
C 208,PTN,CHARTER,SA18
CL 850,PREMI,CHARTER,B3
A 320,BATIK AIR,Komersial,A3
C 208,PTN,CHARTER,SA18
B 734,B. B. N.,CHARTER,B13
ATR 72,FLY JAYA,Komersial,B2
HK 800,JETSET,CHARTER,B4
G IV,JIP,CHARTER,B6
A 320,BATIK AIR,Komersial,A1
A 320,BATIK AIR,Komersial,A2
C 208,SUSI AIR,Komersial,A0
ATR 72,CITILINK,Komersial,B1
B 733,TRIGANA,cargo,B12
A 320,BATIK AIR,Komersial,A2
A 320,BATIK AIR,Komersial,A1
EMB 135,PTN,CHARTER,B7
ATR 72,FLY JAYA,Komersial,B1
C 208,PTN,CHARTER,SA01
A 320,CITILINK,Komersial,A3
B 738,GARUDA,Komersial,B2
G IV,JIP,CHARTER,B4
CL 850,PREMI,CHARTER,B3
CL 60,KARISMA,CHARTER,BASEOPS
B 735,CITILINK,Komersial,B11
A 320,BATIK AIR,Komersial,A1
EMB 135,KARISMA,CHARTER,B8
A 320,BATIK AIR,Komersial,B6
CL 60,KARISMA,CHARTER,SA11
ATR 72,CITILINK,Komersial,B5
C 208,PTN,CHARTER,SA01
B 733,JAYAWIJAYA,cargo,B10
A 320,BATIK AIR,Komersial,B2
A 320,BATIK AIR,Komersial,A3
BBJ,JIP,CHARTER,B9
A 320,BATIK AIR,Komersial,A1
BBJ,JIP,CHARTER,SA14
ATR 72,FLY JAYA,Komersial,B1
G IV,AFM,CHARTER,B5
A 320,BATIK AIR,Komersial,A1
A 320,CITILINK,Komersial,B2
G V,PREMI,CHARTER,B4
C 208,SUSI AIR,Komersial,A3
C 208,SUSI AIR,Komersial,A2
B 733,TRIGANA,cargo,B11
A 320,CITILINK,Komersial,B2
B 738,GARUDA,Komersial,B1
G 500,JIP,CHARTER,B3
ATR 72,CITILINK,Komersial,B7
G V,PREMI,CHARTER,SA01
B 733,JAYAWIJAYA,cargo,SA16
G IV,AFM,CHARTER,SA18
G IV,JIP,CHARTER,B4
C 208,SUSI AIR,Komersial,A0
A 320,BATIK AIR,Komersial,A2
A 320,BATIK AIR,Komersial,A3
EMB 135,PTN,CHARTER,B3
A 320,BATIK AIR,Komersial,A1
A 320,BATIK AIR,Komersial,B1
B 735,CITILINK,Komersial,B13
B 734,B. B. N.,CHARTER,SA22
A 320,BATIK AIR,Komersial,A2
EMB 135,AFM,CHARTER,B3
B 733,TRIGANA,cargo,B12
B 733,TRI MG,cargo,B11
EMB 135,KARISMA,CHARTER,B5
G V,AFM,CHARTER,B4
RJ 85,SETNEG,CHARTER,BASE OPS
GLEX,PTN,CHARTER,B3
A 320,BATIK AIR,Komersial,A2
B 733,TRIGANA,cargo,B10
A 320,CITILINK,Komersial,B1
A 320,BATIK AIR,Komersial,B9
EMB 135,KARISMA,CHARTER,SA19
A 320,BATIK AIR,Komersial,A2
G IV,JIP,CHARTER,B4
B 738,GARUDA,Komersial,B2
ATR 72,PELITA,Komersial,A3
GLEX,PTN,CHARTER,SA17
GLEX,PREMI,CHARTER,SA20
ATR 42,IAT,CHARTER,SA21
HK 800,JETSET,CHARTER,B3
HK 800,JETSET,CHARTER,NSA14
B 733,TRIGANA,cargo,B12
A 320,BATIK AIR,Komersial,A3
CT 680,JIP,CHARTER,B3
ATR 72,FLY JAYA,Komersial,B2
C 208,SUSI AIR,Komersial,A
A 320,BATIK AIR,Komersial,A1
A 320,BATIK AIR,Komersial,A3
A 320,BATIK AIR,Komersial,B1
ATR 72,CITILINK,Komersial,B2
A 320,BATIK AIR,Komersial,A3
A 320,BATIK AIR,Komersial,B1
G VI,AFM,CHARTER,B4
ATR 72,FLY JAYA,Komersial,B3
AW 139,PREMI,CHARTER,B7
A 320,CITILINK,Komersial,B1
B 738,GARUDA,Komersial,B2
B 733,TRIGANA,cargo,B12
A 320,BATIK AIR,Komersial,A3
CN 235,JAS,CHARTER,B6
GV,PREMI,CHARTER,B5
B 733,TRIGANA,cargo,B11
A 320,BATIK AIR,Komersial,A2
ATR 72,CITILINK,Komersial,B1
A 320,BATIK AIR,Komersial,B7
PH 300,KARISMA,CHARTER,BASEOPS
ATR 42,IAT,CHARTER,B3
A 320,BATIK AIR,Komersial,A3
ATR 72,PELITA,Komersial,A1
B 735,CITILINK,Komersial,B13
A 320,BATIK AIR,Komersial,A2
ATR 72,FLY JAYA,Komersial,B1
CL 60,KARISMA,CHARTER,BASEOPS
A 320,BATIK AIR,Komersial,B8
C 208,SUSI AIR,Komersial,A0
CT 680,JIP,CHARTER,B5
ATR 72,PELITA,Komersial,SA11
G 500,JIP,CHARTER,B4
A 320,BATIK AIR,Komersial,A1
A 320,CITILINK,Komersial,A3
B 738,GARUDA,Komersial,B2
KING AIR,DEPHUB,CHARTER,B13
CL 850,JETSET,CHARTER,B7
BBJ,JIP,CHARTER,B9
A 320,CITILINK,Komersial,B1
CT 680,JIP,CHARTER,NSA19
CL 850,JETSET,CHARTER,SA07
ATR 72,CITILINK,Komersial,A2
A 320,BATIK AIR,Komersial,B3
A 320,BATIK AIR,Komersial,A3
B 735,CITILINK,Komersial,B12
A 320,BATIK AIR,Komersial,A1
A 320,BATIK AIR,Komersial,A3
A 320,CITILINK,Komersial,B1
A 320,BATIK AIR,Komersial,B7
B 733,TRIGANA,cargo,B11
B 738,GARUDA,Komersial,B2
B 733,TRIGANA,cargo,B10
EMB 135,PTN,CHARTER,B3
ATR 72,TAS,CHARTER,A1
BBJ,JIP,CHARTER,BASEOPS
C 172,GENESA,CHARTER,SA05
KING AIR,DEPHUB,CHARTER,B13
EMB 135,PREMI,CHARTER,B6
CT 680,JIP,CHARTER,B5
B 733,TRI MG,cargo,B9
B 733,TRIGANA,cargo,B11
A 320,BATIK AIR,Komersial,A1
ATR 72,FLY JAYA,Komersial,A2
A 320,BATIK AIR,Komersial,B5
A 320,BATIK AIR,Komersial,A3
C 208,SUSI AIR,Komersial,A0
ATR 72,CITILINK,Komersial,B1
A 320,BATIK AIR,Komersial,A1
PH 300,PURAWISATA,CHARTER,B4
EMB 135,IAT,CHARTER,B3
A 320,BATIK AIR,Komersial,A2
C 208,SUSI AIR,Komersial,A3
A 320,BATIK AIR,Komersial,A1
ATR 72,FLY JAYA,Komersial,B1
B 738,GARUDA,Komersial,B2
A 320,BATIK AIR,Komersial,A1
A 320,CITILINK,Komersial,B1
A 320,BATIK AIR,Komersial,A3
ATR 72,CITILINK,Komersial,B1
A 320,BATIK AIR,Komersial,B8
A 320,BATIK AIR,Komersial,A2
EMB 135,KARISMA,CHARTER,B6
G IV,JETSET,CHARTER,B4
C 172,PTN,CHARTER,NSA13
CT 680,JIP,CHARTER,B5
B 733,TRIGANA,cargo,B11
A 320,BATIK AIR,Komersial,B1
A 320,BATIK AIR,Komersial,B7
B 733,TRI MG,cargo,B10
ATR 72,TAS,CHARTER,A1
A 320,BATIK AIR,Komersial,A3
A 320,CITILINK,Komersial,B2
B 738,GARUDA,Komersial,B3
ATR 72,CITILINK,Komersial,A2
A 320,CITILINK,Komersial,B2
CT 680,JIP,CHARTER,NSA14
B 734,B. B. N.,CHARTER,B12
A 320,BATIK AIR,Komersial,B6
B 733,TRIGANA,cargo,B9
HK 800,JETSET,CHARTER,NSA15
EMB 135,PTN,CHARTER,B3
B 735,CITILINK,Komersial,B12
EMB 135,PTN,CHARTER,SA14
ATR 72,TAS,CHARTER,SA18
G VI,AFM,CHARTER,B3
A 320,BATIK AIR,Komersial,B1
A 320,CITILINK,Komersial,A3
A 320,BATIK AIR,Komersial,B5
A 320,BATIK AIR,Komersial,A1
B 734,B. B. N.,CHARTER,B11
ATR 72,PELITA,Komersial,B2
B 738,GARUDA,Komersial,B1
HK 800,AFM,CHARTER,B4
EMB 135,PTN,CHARTER,B8
A 320,BATIK AIR,Komersial,SA05
B 734,B. B. N.,CHARTER,SA02
KING AIR,DEPHUB,CHARTER,B13
B 733,TRIGANA,cargo,B11
B 733,TRI MG,cargo,B10
CL 850,JETSET,CHARTER,B5
HK 800,JETSET,CHARTER,B2
A 320,BATIK AIR,Komersial,A2
ATR 72,FLY JAYA,Komersial,B1
C 208,SUSI AIR,Komersial,A0
B 733,TRIGANA,cargo,B10
A 320,BATIK AIR,Komersial,A1
A 320,BATIK AIR,Komersial,A2
G VI,KARISMA,CHARTER,B5
A 320,BATIK AIR,Komersial,A3
ATR 72,CITILINK,Komersial,B1
CL 850,JETSET,CHARTER,B7
CL 850,JETSET,CHARTER,B4
EMB 135,KARISMA,CHARTER,B6
LJ 55,B.G.S,CHARTER,B8
A 320,BATIK AIR,Komersial,A1
A 320,BATIK AIR,Komersial,A2
A 320,BATIK AIR,Komersial,A3
ATR 72,FLY JAYA,Komersial,B1
B 733,TRI MG,cargo,B12
A 320,CITILINK,Komersial,A1
B 738,GARUDA,Komersial,B2
A 320,BATIK AIR,Komersial,A2
B 734,B. B. N.,CHARTER,B11
ATR 72,CITILINK,Komersial,A3
A 320,BATIK AIR,Komersial,B7
B 735,CITILINK,Komersial,B9
A 320,BATIK AIR,Komersial,A2
C 208,SUSI AIR,Komersial,A0
B 733,JAYAWIJAYA,cargo,B10
GLEX,AFM,CHARTER,B7
A 320,BATIK AIR,Komersial,A1
A 320,BATIK AIR,Komersial,A3
A 320,BATIK AIR,Komersial,B8
EMB 135,KARISMA,CHARTER,B4
ATR 72,PELITA,Komersial,A1
A 320,CITILINK,Komersial,B1
A 320,BATIK AIR,Komersial,A2
CL 850,JETSET,CHARTER,B4
GLEX,AFM,CHARTER,SA01
EMB 135,KARISMA,CHARTER,SA04
ATR 72,CITILINK,Komersial,A3
A 320,CITILINK,Komersial,B2
A 320,BATIK AIR,Komersial,B9
A 320,BATIK AIR,Komersial,B7
B 733,TRIGANA,cargo,B11
EMB 135,KARISMA,CHARTER,B6
HK 800,AFM,CHARTER,B3
EMB 135,IAT,CHARTER,B5
A 320,BATIK AIR,Komersial,A2
ATR 72,PELITA,Komersial,SA06
CL 850,JETSET,CHARTER,SA07
A 320,BATIK AIR,Komersial,A1
EMB 135,KARISMA,CHARTER,SA12
G VI,AFM,CHARTER,B4
B 734,B. B. N.,CHARTER,B10
HK 800,AFM,CHARTER,NSA12
B 735,CITILINK,Komersial,B9
B 733,JAYAWIJAYA,cargo,B7
A 320,BATIK AIR,Komersial,A2
A 320,CITILINK,Komersial,B1
A 320,BATIK AIR,Komersial,A3
G VI,AFM,CHARTER,SA17
LJ 55,B. G. S.,CHARTER,B4
ATR 72,CITILINK,Komersial,B5
A 320,BATIK AIR,Komersial,SA18
LJ 55,B. G. S.,CHARTER,NSA14
B 738,GARUDA,Komersial,B2
B 733,JAYAWIJAYA,cargo,SA19
KING AIR,DEPHUB,CHARTER,B13
EMB 135,KARISMA,CHARTER,B4
B 733,TRI MG,cargo,B11
A 320,BATIK AIR,Komersial,B8
EMB 135,IAT,CHARTER,B3
GLEX,PREMI,CHARTER,B6
A 320,BATIK AIR,Komersial,A2
GLEX,PREMI,CHARTER,B2
B 733,TRIGANA,cargo,B12
ATR 72,FLY JAYA,Komersial,A3
B 738,TNI AU,Militer,BASEOPS
A 320,BATIK AIR,Komersial,A1
A 320,BATIK AIR,Komersial,B8
CL 850,JETSET,CHARTER,B7
ATR 72,CITILINK,Komersial,B2
A 320,BATIK AIR,Komersial,B3
C 208,SUSI AIR,Komersial,B1
B 735,CITILINK,Komersial,B9
B 733,TRI MG,cargo,B11
A 320,BATIK AIR,Komersial,B5
A 320,BATIK AIR,Komersial,A1
B 738,GARUDA,Komersial,B2
G V,AFM,CHARTER,B4
B 733,JAYAWIJAYA,cargo,B10
A 320,BATIK AIR,Komersial,B6
A 320,CITILINK,Komersial,B1
B 735,CITILINK,Komersial,SA15
ATR 72,FLY JAYA,Komersial,A3
C 208,SUSI AIR,Komersial,A0
ATR 42,IAT,CHARTER,B5
ATR 72,CITILINK,Komersial,A3
A 320,BATIK AIR,Komersial,A1
DO 328,JAS,CHARTER,A2
A 320,BATIK AIR,Komersial,B8
G 500,JIP,CHARTER,B3
A 320,BATIK AIR,Komersial,B1
DO 328,JAS,CHARTER,SA02
B 734,B. B. N.,CHARTER,B12
CN 235,JAS,CHARTER,B6
A 320,BATIK AIR,Komersial,A1
CL 850,JETSET,CHARTER,B5
ATR 72,FLY JAYA,Komersial,B2
A 320,BATIK AIR,Komersial,B7
A 320,BATIK AIR,Komersial,B8
A 320,CITILINK,Komersial,B1
CL 850,JETSET,CHARTER,SA07
B 738,GARUDA,Komersial,B2
A 320,CITILINK,Komersial,B3
ATR 72,CITILINK,Komersial,A2
A 320,BATIK AIR,Komersial,A1
A 320,BATIK AIR,Komersial,A3
C 208,P.T.N,CHARTER,SA18
B 733,TRIGANA,cargo,B12
C 208,PTN,CHARTER,SA12
GLEX,PTN,CHARTER,SA13
G IV,JETSET,CHARTER,B6
GLEX,PREMI,CHARTER,B3
G IV,JETSET,CHARTER,SA18
A 320,BATIK AIR,Komersial,A1
A 320,CITILINK,Komersial,A3
A 320,BATIK AIR,Komersial,B7
A 320,BATIK AIR,Komersial,B1
B 738,GARUDA,Komersial,B2
B 738,TNI AU,Militer,BASEOPS
B 733,JAYAWIJAYA,cargo,B10
GLEX,AFM,CHARTER,B4
C 208,PTN,CHARTER,SA18
GLEX,AFM,CHARTER,SA19
EMB 135,KARISMA,CHARTER,B6
A 320,BATIK AIR,Komersial,SA20
EMB 135,KARISMA,CHARTER,SA22
A 320,BATIK AIR,Komersial,SA21
CL 850,JETSET,CHARTER,B7
ATR 72,PELITA,Komersial,A1
LJ 55,AMM,CHARTER,B9
B 733,TRI MG,cargo,B13
B 735,CITILINK,Komersial,B11
A 320,BATIK AIR,Komersial,B1
A 320,BATIK AIR,Komersial,B1
G VI,KARISMA,CHARTER,B4
ATR 72,FLY JAYA,Komersial,B2
B 733,TRIGANA,cargo,B13
A 320,BATIK AIR,Komersial,A2
A 320,BATIK AIR,Komersial,A1
CL 850,PREMI,CHARTER,B3
A 320,BATIK AIR,Komersial,A3
B 735,CITILINK,Komersial,B12
ATR 72,CITILINK,Komersial,B1
LJ 55,B. G. S.,CHARTER,B6
A 320,BATIK AIR,Komersial,A2
GLEX,AFM,CHARTER,B7
LJ 55,B. G. S.,CHARTER,NSA14
B 733,TRI MG,cargo,B11
A 320,BATIK AIR,Komersial,A3
ATR 72,FLY JAYA,Komersial,B1
B 734,B. B. N.,CHARTER,B10
A 320,CITILINK,Komersial,A3
B 738,GARUDA,Komersial,B2
G 500,JIP,CHARTER,B4
A 320,BATIK AIR,Komersial,A2
B 733,JAYAWIJAYA,cargo,B9
ATR 72,CITILINK,Komersial,B1
A 320,BATIK AIR,Komersial,B5
CT 700,KARISMA,CHARTER,B5
A 320,BATIK AIR,Komersial,A3
A 320,BATIK AIR,Komersial,A2
A 320,BATIK AIR,Komersial,A1
DO 328,JAS,CHARTER,B10
ATR 72,FLY JAYA,Komersial,B1
DO 328,JAS,CHARTER,SA06
A 320,CITILINK,Komersial,B1
ATR 72,PELITA,Komersial,A1
G VI,KARISMA,CHARTER,B4
A 320,BATIK AIR,Komersial,A3
B 738,GARUDA,Komersial,B2
EMB 135,KARISMA,CHARTER,B5
ATR 72,CITILINK,Komersial,A2
BBJ,JIP,CHARTER,BASEOPS
A 320,CITILINK,Komersial,B1
A 320,BATIK AIR,Komersial,A3
A 320,BATIK AIR,Komersial,B5
B 735,CITILINK,Komersial,B13
G VI,KARISMA,CHARTER,SA07
B 734,B. B. N.,CHARTER,B12
BBJ,JIP,CHARTER,SA04
A 320,BATIK AIR,Komersial,B1
G 500,JIP,CHARTER,B4
A 320,BATIK AIR,Komersial,A3
B 733,TRIGANA,cargo,B10
A 320,BATIK AIR,Komersial,B1
A 320,CITILINK,Komersial,A3
C 172,GENESA,CHARTER,SA15
G IV,JETSET,CHARTER,RE01
A 320,BATIK AIR,Komersial,B7
B 738,GARUDA,Komersial,B2
G 500,JIP,CHARTER,RE02
G VI,AFM,CHARTER,B4
B 734,B. B. N.,CHARTER,SA15
C 172,GENESA,CHARTER,SA17
ATR 72,TAS,CHARTER,B4
A 320,BATIK AIR,Komersial,B1
G VI,PREMI,CHARTER,B3
B 733,TRI MG,cargo,B11
EMB 135,KARISMA,CHARTER,B5
G 500,JIP,CHARTER,B4
A 320,BATIK AIR,Komersial,A2
G VI,KARISMA,CHARTER,B3
DO 328,JAS,CHARTER,B10
ATR 72,FLYJAYA,CHARTER,B2
C 208,SUSI AIR,Komersial,B3
G 500,JIP,CHARTER,RE02
CT 700,KARISMA,CHARTER,B5
C 208,SUSI AIR,Komersial,B4
B 733,TRIGANA,cargo,B12
A 320,BATIK AIR,Komersial,A2
A 320,BATIK AIR,Komersial,A1
G IV,JETSET,CHARTER,B7
ATR 72,CITILINK,Komersial,B1
A 320,BATIK AIR,Komersial,A2
B 735,CITILINK,Komersial,B11
C 208,SUSI AIR,Komersial,A3
A 320,BATIK AIR,Komersial,B2
A 320,BATIK AIR,Komersial,A1
HK 900,,CHARTER,B3
ATR 72,FLYJAYA,CHARTER,A3
C 208,SUSI AIR,Komersial,A0
B 738,GARUDA,Komersial,B2
A 320,CITILINK,Komersial,B1
G 500,JIP,CHARTER,B4
G VI,KARISMA,CHARTER,B6
A 320,BATIK AIR,Komersial,A1
B 734,B. B. N.,CHARTER,B12
A 320,BATIK AIR,Komersial,A2
A 320,BATIK AIR,Komersial,A3
EMB 135,KARISMA,CHARTER,B5
ATR 72,CITILINK,Komersial,B1
EMB 135,KARISMA,CHARTER,SA14
A 320,BATIK AIR,Komersial,B1
A 320,BATIK AIR,Komersial,A1
ATR 72,FLYJAYA,CHARTER,A2
A 320,CITILINK,Komersial,B1
ATR 72,PELITA,Komersial,A1
B 733,TRIGANA,cargo,B13
G VI,PREMI,CHARTER,B3
HK 900,KARISMA,CHARTER,B7
G 500,JIP,CHARTER,B6
G VI,KARISMA,CHARTER,B4
A 320,BATIK AIR,Komersial,B8
B 738,GARUDA,Komersial,B2
ATR 72,CITILINK,Komersial,A2
A 320,CITILINK,Komersial,B1
ATR 72,TAS,CHARTER,A3
A 320,BATIK AIR,Komersial,B9
EMB 135,IAT,CHARTER,B3
B 735,CITILINK,Komersial,B12
ATR 72,PELITA,Komersial,SA02
A 320,BATIK AIR,Komersial,B1
A 320,BATIK AIR,Komersial,B3
ATR 72,TAS,CHARTER,SA07
B 735,CITILINK,Komersial,SA16
A 320,CITILINK,Komersial,B1
A 320,BATIK AIR,Komersial,A3
A 320,BATIK AIR,Komersial,A1
B 734,B. B. N.,CHARTER,B12
C 172,GENESA,CHARTER,SA18
GLOBAL 6000,AFM,CHARTER,B4
ATR 42,IAT,CHARTER,SA18
B 738,GARUDA,Komersial,B2
C 172,GENESA,CHARTER,SA19
GLOBAL 6000,AFM,CHARTER,RE01
A 320,BATIK AIR,Komersial,A3
B 733,TRIGANA,cargo,B12
G VI,BIOMANTARA,CHARTER,B4
HK 900,KARISMA,CHARTER,B5
GLEX,BIOMANTARA,CHARTER,B10
GLEX,AFM,CHARTER,B7
ATR 72,FLYJAYA,CHARTER,B2
G VI,PREMI,CHARTER,B3
B 734,B. B. N.,CHARTER,B13
A 320,BATIK AIR,Komersial,A3
A 320,BATIK AIR,Komersial,A1
A 320,BATIK AIR,Komersial,A2
ATR 72,CITILINK,Komersial,A3
GLOBAL 6000,AFM,CHARTER,B7
CT 680,JIP,CHARTER,B4
GLEX,BIOMANTARA,CHARTER,SA01
PH 300,PREMI,CHARTER,B2
A 320,BATIK AIR,Komersial,A3
ATR 72,FLYJAYA,CHARTER,B1
GLEX,PTN,CHARTER,B3
A 320,BATIK AIR,Komersial,B8
GLEX,KARISMA,CHARTER,A1
AS 350,DERAZONA,CHARTER,WR01
A 320,CITILINK,Komersial,A3
B 738,GARUDA,Komersial,B2
BBJ,JIP,CHARTER,B4
CT 680,JIP,CHARTER,B5
G IV,TRAVIRA,CHARTER,B9
A 320,BATIK AIR,Komersial,B1
B 733,JAYAWIJAYA,cargo,B11
ATR 72,CITILINK,Komersial,A3
A 320,BATIK AIR,Komersial,B3
B 733,TRIGANA,cargo,B12
G V,AFM,CHARTER,B4
ATR 72,FLYJAYA,CHARTER,B2
A 320,BATIK AIR,Komersial,A3
B 734,B. B. N.,CHARTER,B13
A 320,BATIK AIR,Komersial,B7
KING AIR,PREMI,CHARTER,B6
CT 680,JIP,CHARTER,NSA13
C 208,SUSI AIR,Komersial,A0
A 320,BATIK AIR,Komersial,SA04
A 320,BATIK AIR,Komersial,A2
C 208,SUSI AIR,Komersial,B1
GLEX,PTN,CHARTER,B8
A 320,BATIK AIR,Komersial,B7
KING AIR,PREMI,CHARTER,SA06
A 320,CITILINK,Komersial,B2
EMB 135,KARISMA,CHARTER,B4
ATR 72,CITILINK,Komersial,A3
B 738,GARUDA,Komersial,B3
A 320,BATIK AIR,Komersial,B1
GLEX,PTN,CHARTER,SA08
A 320,BATIK AIR,Komersial,B7
A 320,CITILINK,Komersial,B2
EMB 135,KARISMA,CHARTER,B5
B 733,TRI MG,cargo,B12
GLEX,KARISMA,CHARTER,SA09
EMB 135,KARISMA,CHARTER,B3
A 320,BATIK AIR,Komersial,A1
G IV,TRAVIRA,CHARTER,B6
G V,AFM,CHARTER,B4
EMB 135,KARISMA,CHARTER,SA10
A 320,BATIK AIR,Komersial,B1
C 172,GENESA,CHARTER,SA13
B 733,TRIGANA,cargo,B11
B 733,JAYAWIJAYA,cargo,B10
A 320,BATIK AIR,Komersial,A1
A 320,CITILINK,Komersial,B7
A 320,BATIK AIR,Komersial,B1
A 320,BATIK AIR,Komersial,B3
EMB 135,KARISMA,CHARTER,B6
EMB 135,KARISMA,CHARTER,RE01
C 172,GENESA,CHARTER,HGR
A 320,BATIK AIR,Komersial,B1
B 738,GARUDA,Komersial,B2
B 733,AIRNESIA,cargo,B12
B 733,TRIGANA,cargo,B11
B 733,TRI MG,cargo,B10
B 734,B. B. N.,CHARTER,B13
G VII,TRAVIRA,CHARTER,B8
A 320,BATIK AIR,Komersial,B1
C 212,TNI AU,Militer,SA13
C 208,SUSI AIR,Komersial,A0
G IV,JETSET,CHARTER,B5
A 320,BATIK AIR,Komersial,A1
A 320,BATIK AIR,Komersial,A2
A 320,BATIK AIR,Komersial,A3
B 733,TRIGANA,cargo,B11
A 320,BATIK AIR,Komersial,B1
ATR 72,CITILINK,Komersial,B2
G VI,AFM,CHARTER,B9
A 320,BATIK AIR,Komersial,A3
A 320,BATIK AIR,Komersial,A2
A 320,CITILINK,Komersial,B2
EMB 135,IAT,CHARTER,B4
B 733,TRIGANA,cargo,B12
A 320,BATIK AIR,Komersial,A1
C 212,TNI AU,Militer,SA14
C 212,TNI AU,Militer,SA13
AW 101,TAS,CHARTER,BASEOPS
AW 101,TAS,CHARTER,BASEOPS
GLEX,PREMI,CHARTER,B3
B 738,GARUDA,Komersial,B2
A 320,CITILINK,Komersial,B1
EMB 135,IAT,CHARTER,B5
C 212,TNI AU,Militer,SA13
A 320,BATIK AIR,Komersial,B8
G VII,TRAVIRA,CHARTER,B8
A 320,BATIK AIR,Komersial,A2
GLEX,KARISMA,CHARTER,B9
C 212,TNI AU,Militer,SA14
BBJ 2,PTN,CHARTER,B7
ATR 72,CITILINK,Komersial,A3
A 320,BATIK AIR,Komersial,A1
GLEX,PREMI,CHARTER,SA07
A 320,BATIK AIR,Komersial,B1
A 320,BATIK AIR,Komersial,B8
A 320,CITILINK,Komersial,B2
B 733,AIRNESIA,cargo,B13
AS 365,GENESA,CHARTER,SA05
B 733,TRIGANA,cargo,B11
BBJ 2,PTN,CHARTER,BASEOPS
CT 680,JIP,CHARTER,B4
ATR 72,FLY JAYA,Komersial,B9
C 212,TNI AU,Militer,SA14
A 320,BATIK AIR,Komersial,B1
ATR 72,PELITA,Komersial,A1
G VI,AFM,CHARTER,B3
A 320,BATIK AIR,Komersial,B8
A 320,BATIK AIR,Komersial,B10
A 320,CITILINK,Komersial,B2
A 320,BATIK AIR,Komersial,B4
AW 101,TAS,CHARTER,B7
AW 101,TAS,CHARTER,B5
ATR 72,TAS,CHARTER,A3
ATR 72,CITILINK,Komersial,A2
CT 680,JIP,CHARTER,NSA13
C 212,TNI AU,Militer,SA13
B 738,GARUDA,Komersial,B5
A 320,CITILINK,Komersial,B6
A 320,BATIK AIR,Komersial,B7
A 320,BATIK AIR,Komersial,B9
G VI,KARISMA,CHARTER,B3
G VI,AFM,CHARTER,SA05
ATR 72,FLY JAYA,Komersial,SA12
B 733,TRIGANA,cargo,B13
A 320,BATIK AIR,Komersial,B1
A 320,BATIK AIR,Komersial,B7
HK 800,JETSET,CHARTER,B3
ATR 72,TAS,CHARTER,SA16
C 212,TNI AU,Militer,SA14
A 320,BATIK AIR,Komersial,SA17
B 733,TRIGANA,cargo,B12
B 733,AIRNESIA,cargo,B11
B 738,GARUDA,Komersial,B2
A 320,CITILINK,Komersial,B1
A 320,BATIK AIR,Komersial,B9
A 320,BATIK AIR,Komersial,A3
CL 850,JETSET,CHARTER,SA03
CL 850,JETSET,CHARTER,B8
A 320,BATIK AIR,Komersial,SA03
A 320,BATIK AIR,Komersial,B6
EMB 135,KARISMA,CHARTER,SA01
EMB 135,PREMI,CHARTER,SA06
ATR 72,TRAVIRA,CHARTER,B5
B 733,TRIGANA,cargo,B12
B 733,AIRNESIA,cargo,B11
CT 680,JIP,CHARTER,B4
CT 560,PREMI,CHARTER,B3
B 733,TRI MG,cargo,B13
A 320,BATIK AIR,Komersial,A3
A 320,BATIK AIR,Komersial,A1
A 320,BATIK AIR,Komersial,A3
A 320,BATIK AIR,Komersial,B8
A 320,BATIK AIR,Komersial,B1
ATR 72,FLY JAYA,Komersial,B2
A 320,BATIK AIR,Komersial,B7
A 320,BATIK AIR,Komersial,A2
B 733,TRIGANA,cargo,B12
ATR 72,CITILINK,Komersial,B3
AS 365,GENESHA,CHARTER,SA18
G V,TRAVIRA,CHARTER,B6
B 733,TRIGANA,cargo,B11
A 320,CITILINK,Komersial,B2
A 320,BATIK AIR,Komersial,A1
A 320,BATIK AIR,Komersial,A2
CL 850,JETSET,CHARTER,B4
EMB 135,IAT,CHARTER,B5
C 208,SUSI AIR,Komersial,A0
B 733,TRIGANA,cargo,B13
A 320,BATIK AIR,Komersial,B3
A 320,CITILINK,Komersial,B1
B 738,GARUDA,Komersial,B2
A 320,BATIK AIR,Komersial,A1
B 733,TRI MG,cargo,B12
CL 850,JETSET,CHARTER,RE02
BBJ,JIP,CHARTER,B4
B 733,AIRNESIA,cargo,B10
A 320,BATIK AIR,Komersial,A2
A 320,BATIK AIR,Komersial,A3
ATR 72,CITILINK,Komersial,B1
A 320,CITILINK,Komersial,B2
A 320,BATIK AIR,Komersial,A1
DHC-6,,CHARTER,SA12
A 320,BATIK AIR,Komersial,A3
BBJ,JIP,CHARTER,SA09
A 320,BATIK AIR,Komersial,B5
ATR 72,FLY JAYA,Komersial,B3
A 320,BATIK AIR,Komersial,A1
A 320,BATIK AIR,Komersial,A2
A 320,BATIK AIR,Komersial,A3
A 320,CITILINK,Komersial,B1
B 738,GARUDA,Komersial,B2
A 320,CITILINK,Komersial,B4
ATR 72,FLY JAYA,Komersial,SA12
B 734,B. B. N.,CHARTER,B13
G V,TRAVIRA,CHARTER,B7
ATR 72,CITILINK,Komersial,A1
A 320,BATIK AIR,Komersial,B3
A 320,BATIK AIR,Komersial,B6
B 733,TRIGANA,cargo,B12
A 320,BATIK AIR,Komersial,B8
A 320,BATIK AIR,Komersial,B1
ATR 72,PELITA,Komersial,A2
A 320,BATIK AIR,Komersial,B7
A 320,BATIK AIR,Komersial,A1
B 733,TRIGANA,cargo,B11
A 320,CITILINK,Komersial,B9
ATR 72,CITILINK,Komersial,A3
A 320,BATIK AIR,Komersial,B5
A 320,BATIK AIR,Komersial,SA03
EMB 135,AFM,CHARTER,B3
GLEX,AFM,CHARTER,B6
B 738,GARUDA,Komersial,B1
A 320,BATIK AIR,Komersial,B8
A 320,BATIK AIR,Komersial,SA13
G IV,JIP,CHARTER,B5
B 733,TRIGANA,cargo,B12
B 733,TRI MG,cargo,B13
BBJ,JIP,CHARTER,B4
ATR 72,FLY JAYA,Komersial,A2
G VII,TRAVIRA,CHARTER,B11
A 320,BATIK AIR,Komersial,A3
CL 850,JETSET,CHARTER,B2
B 733,TRIGANA,cargo,B13
A 320,BATIK AIR,Komersial,B4
A 320,BATIK AIR,Komersial,A1
C 208,SUSI AIR,Komersial,A0
A 320,BATIK AIR,Komersial,B1
L 1000,PREMI,CHARTER,B3
B 734,B. B. N.,CHARTER,B12
EMB 135,KARISMA,CHARTER,B5
ATR 72,CITILINK,Komersial,B2
BBJ,JIP,CHARTER,B6
EC 45,SURYA AIR,CHARTER,WR01
A 320,CITILINK,Komersial,B1
B 733,AIRNESIA,cargo,B11
A 320,BATIK AIR,Komersial,A1
A 320,BATIK AIR,Komersial,A2
B 733,TRI MG,cargo,B13
C 212,TRANSWISATA,CHARTER,A3
A 320,BATIK AIR,Komersial,B8
BBJ,JIP,CHARTER,SA04
A 320,CITILINK,Komersial,B1
B 738,GARUDA,Komersial,B2
B 733,TRIGANA,cargo,B12
A 320,BATIK AIR,Komersial,A3
G VII,TRAVIRA,CHARTER,B7
FAL 8X,AFM,CHARTER,B9
A 320,BATIK AIR,Komersial,A1
A 320,BATIK AIR,Komersial,A2
AW 101,,CHARTER,B6
ATR 72,CITILINK,Komersial,B1
AS 350,DERAZONA,CHARTER,WR01
B 733,TRIGANA,cargo,B10
EC 45,SURYA AIR,CHARTER,WR02
EMB 135,KARISMA,CHARTER,B4
A 320,BATIK AIR,Komersial,A3
A 320,BATIK AIR,Komersial,B2
A 320,CITILINK,Komersial,B3
L 1000,PREMI,CHARTER,B6
A 320,BATIK AIR,Komersial,A2
EC 45,SURYA AIR,CHARTER,B7
L 1000,PREMI,CHARTER,SA01
CT 680,JIP,CHARTER,B3
EMB 135,KARISMA,CHARTER,B6
ATR 72,FLY JAYA,Komersial,B1
A 320,BATIK AIR,Komersial,A1
A 320,BATIK AIR,Komersial,A2
A 320,CITILINK,Komersial,B3
A 320,BATIK AIR,Komersial,A3
CT 680,JIP,CHARTER,NSA13
ATR 72,CITILINK,Komersial,B7
B 738,GARUDA,Komersial,B2
A 320,CITILINK,Komersial,B1
EMB 135,KARISMA,CHARTER,RE05
A 320,BATIK AIR,Komersial,B6
ATR 72,TRAVIRA,CHARTER,B3
A 320,BATIK AIR,Komersial,A2
ATR 72,FLY JAYA,Komersial,SA09
G IV,JIP,CHARTER,B5
B 734,B. B. N.,CHARTER,B13
ATR 72,PELITA,Komersial,A1
B 733,TRIGANA,cargo,B12
EMB 135,KARISMA,CHARTER,B8
GLEX,AFM,CHARTER,B3
EMB 135,AFM,CHARTER,B5
BBJ,JIP,CHARTER,B4
A 320,BATIK AIR,Komersial,A3
G IV,JIP,CHARTER,RE02
GLEX,AFM,CHARTER,B2
A 320,BATIK AIR,Komersial,B1
EMB 135,KARISMA,CHARTER,SA04
A 320,BATIK AIR,Komersial,A2
B 733,TRIGANA,cargo,B10
A 320,BATIK AIR,Komersial,A3
A 320,BATIK AIR,Komersial,B1
A 320,BATIK AIR,Komersial,B8
A 320,BATIK AIR,Komersial,B9
B 738,GARUDA,Komersial,B2
A 320,CITILINK,Komersial,A2
GLEX,AFM,CHARTER,RE03
G IV,AFM,CHARTER,B5
EMB 135,KARISMA,CHARTER,B4
A 320,BATIK AIR,Komersial,SA07
EMB 135,KARISMA,CHARTER,SA06
G IV,JETSET,CHARTER,B5
A 320,BATIK AIR,Komersial,B6
B 733,TRI MG,cargo,B10
B 733,TRIGANA,cargo,B12
A 320,BATIK AIR,Komersial,B1
A 320,BATIK AIR,Komersial,A1
CT 700,KARISMA,CHARTER,B4
KING AIR,AFM,CHARTER,B3
ATR 72,FLY JAYA,Komersial,B2
B 733,TRIGANA,cargo,B13
A 320,BATIK AIR,Komersial,B5
A 320,BATIK AIR,Komersial,A2
A 320,BATIK AIR,Komersial,B1
ATR 72,CITILINK,Komersial,B2
G VI,PREMI,CHARTER,B3
EMB 135,IAT,CHARTER,B4
C 208,SUSI AIR,Komersial,A0
GLEX,AFM,CHARTER,B7
A 320,BATIK AIR,Komersial,A1
A 320,CITILINK,Komersial,B1
A 320,BATIK AIR,Komersial,A2
GLEX,,CHARTER,B5
A 320,BATIK AIR,Komersial,A1
A 320,BATIK AIR,Komersial,A2
B 738,GARUDA,Komersial,B1
A 320,CITILINK,Komersial,A3
ATR 42,IAT,CHARTER,B2
B 734,B. B. N.,CHARTER,B13
B 733,TRIGANA,cargo,B12
A 320,BATIK AIR,Komersial,B6
A 320,BATIK AIR,Komersial,B7
A 320,BATIK AIR,Komersial,B4
C 208,SUSI AIR,Komersial,A0
ATR 72,CITILINK,Komersial,B3
GLEX,KARISMA,CHARTER,SA03
B 735,TNI AU,Militer,BASE OPS
A 320,BATIK AIR,Komersial,A1
A 320,CITILINK,Komersial,B2
B 733,TRIGANA,cargo,B12
A 320,BATIK AIR,Komersial,A2
A 320,BATIK AIR,Komersial,A3
ATR 72,FLY JAYA,Komersial,B1
ATR 72,PELITA,Komersial,A1
A 320,BATIK AIR,Komersial,B7
A 320,BATIK AIR,Komersial,A2
A 320,CITILINK,Komersial,B1
B 738,GARUDA,Komersial,B2
A 320,CITILINK,Komersial,A2
ATR 72,CITILINK,Komersial,B3
A 320,BATIK AIR,Komersial,B7
CT 700,KARISMA,CHARTER,B4
A 320,BATIK AIR,Komersial,B1
A 320,BATIK AIR,Komersial,A3
A 320,BATIK AIR,Komersial,A3
A 320,BATIK AIR,Komersial,B4
A 320,BATIK AIR,Komersial,B1
B 733,TRIGANA,cargo,B11
GLEX,PTN,CHARTER,B3
ATR 72,CITILINK,Komersial,A2
A 320,BATIK AIR,Komersial,B5
A 320,CITILINK,Komersial,B1
B 733,AIRNESIA,cargo,B12
B 733,TRIGANA,cargo,B10
A 320,BATIK AIR,Komersial,B8
A 320,BATIK AIR,Komersial,A3
B 738,GARUDA,Komersial,B2
GLEX,PTN,CHARTER,SA07
A 320,BATIK AIR,Komersial,B4
B 734,B. B. N.,CHARTER,B13
A 320,BATIK AIR,Komersial,B3
A 320,BATIK AIR,Komersial,SA09
ATR 72,TAS,CHARTER,B5
A 320,BATIK AIR,Komersial,SA12
ATR 72,TRAVIRA,CHARTER,B4
B 733,AIRNESIA,cargo,B11
B 733,TRIGANA,cargo,B10
GLEX,AFM,CHARTER,B6
L 1000,PREMI,CHARTER,B3
G V,TRAVIRA,CHARTER,B7
A 320,BATIK AIR,Komersial,A1
G VI,KARISMA,CHARTER,B4
A 320,BATIK AIR,Komersial,A2
ATR 72,FLY JAYA,Komersial,B2
A 320,BATIK AIR,Komersial,A3
A 320,BATIK AIR,Komersial,B1
A 320,BATIK AIR,Komersial,B5
ATR 72,CITILINK,Komersial,B2
C 208,SUSI AIR,Komersial,A0
G VI,BIOMANTARA,CHARTER,B4
B 733,TRIGANA,cargo,B12
A 320,BATIK AIR,Komersial,A3
B 733,TRIGANA,cargo,B11
A 320,BATIK AIR,Komersial,A2
EMB 135,BGS,CHARTER,B6
A 320,BATIK AIR,Komersial,B8
B 734,B. B. N.,CHARTER,B13
A 320,BATIK AIR,Komersial,A1
B 738,GARUDA,Komersial,B2
A 320,CITILINK,Komersial,B1
A 320,BATIK AIR,Komersial,A2
C 208,SUSI AIR,Komersial,A0
G V,TRAVIRA,CHARTER,B7
EMB 135,BGS,CHARTER,RE03
ATR 72,CITILINK,Komersial,A3
A 320,BATIK AIR,Komersial,B1
A 320,BATIK AIR,Komersial,A1
B 733,AIRNESIA,cargo,B10
A 320,BATIK AIR,Komersial,A2
ATR 72,FLY JAYA,Komersial,B2
A 320,BATIK AIR,Komersial,A3
A 320,BATIK AIR,Komersial,B1
A 320,BATIK AIR,Komersial,A3
A 320,BATIK AIR,Komersial,A2
ATR 72,CITILINK,Komersial,B5
A 320,CITILINK,Komersial,B1
ATR 72,PELITA,Komersial,A1
A 320,BATIK AIR,Komersial,B8
B 738,GARUDA,Komersial,B2
B 733,TRIGANA,cargo,B12
G IV,JIP,CHARTER,B4
A 320,BATIK AIR,Komersial,A3
A 320,BATIK AIR,Komersial,B3
A 320,CITILINK,Komersial,B1
A 320,BATIK AIR,Komersial,SA09
ATR 72,TAS,CHARTER,A2
G IV,AFM,CHARTER,B5
A 320,BATIK AIR,Komersial,B1
B 733,TRIGANA,cargo,B12
ATR 42,IAT,CHARTER,B6
ATR 72,CITILINK,Komersial,B7
A 320,BATIK AIR,Komersial,A3
ATR 72,PELITA,Komersial,RE02
A 320,BATIK AIR,Komersial,B8
A 320,BATIK AIR,Komersial,A1
A 320,BATIK AIR,Komersial,B6
A 320,CITILINK,Komersial,B1
G IV,AFM,CHARTER,RE04
B 733,AIRNESIA,cargo,B11
ATR 72,TAS,CHARTER,RE05
A 320,BATIK AIR,Komersial,A2
B 733,TRIGANA,cargo,B10
B 738,GARUDA,Komersial,B2
HK 850,KARISMA,CHARTER,B4
B 733,TRI MG,cargo,B13
A 320,BATIK AIR,Komersial,SA01
G IV,JIP,CHARTER,B4
HK 850,KARISMA,CHARTER,NSA13
B 733,AIRNESIA,cargo,B11
B 734,B. B. N.,CHARTER,B12
A 320,BATIK AIR,Komersial,A3
A 320,BATIK AIR,Komersial,A2
A 320,BATIK AIR,Komersial,B7
A 330,GARUDA,Komersial,BASE OPS
AVANTI,SUSI AIR,Komersial,A0
B 733,JAYAWIJAYA,cargo,B13
ATR 72,FLY JAYA,Komersial,B1
B 733,TRIGANA,cargo,B12
A 320,BATIK AIR,Komersial,A2
A 320,BATIK AIR,Komersial,B2
A 320,BATIK AIR,Komersial,B1
ATR 72,CITILINK,Komersial,B5
G IV,JETSET,CHARTER,B4
HK 850,KARISMA,CHARTER,B6
A 320,BATIK AIR,Komersial,A2
A 320,BATIK AIR,Komersial,B1
B 733,TRIGANA,cargo,B11
B 733,TRI MG,cargo,B13
G IV,JETSET,CHARTER,SA01
B 738,GARUDA,Komersial,B2
A 320,CITILINK,Komersial,B1
A 320,BATIK AIR,Komersial,A1
A 320,BATIK AIR,Komersial,A2
B 734,B. B. N.,CHARTER,B12
ATR 72,CITILINK,Komersial,B1
A 320,BATIK AIR,Komersial,A3
GLEX,PREMI,CHARTER,B3
A 320,BATIK AIR,Komersial,A1
ATR 72,FLY JAYA,Komersial,B2
A 320,BATIK AIR,Komersial,A2
A 320,BATIK AIR,Komersial,A3
A 320,BATIK AIR,Komersial,A1
A 330,GARUDA,Komersial,SA09
AVANTI,SUSI AIR,Komersial,B7
A 320,BATIK AIR,Komersial,A2
B 733,AIRNESIA,cargo,B13
AVANTI,SUSI AIR,Komersial,NSA13
A 320,BATIK AIR,Komersial,A3
A 320,BATIK AIR,Komersial,A2
B 735,TNI AU,Militer,BASEOPS
B 738,GARUDA,Komersial,B3
ATR 72,CITILINK,Komersial,B7
A 320,CITILINK,Komersial,B1
HK 850,KARISMA,CHARTER,B4
G 7500,PREMI,CHARTER,B6
A 320,BATIK AIR,Komersial,A3
A 320,BATIK AIR,Komersial,A1
ATR 72,TRAVIRA,CHARTER,B5
G 7500,PREMI,CHARTER,SA11
A 320,CITILINK,Komersial,B6
A 320,BATIK AIR,Komersial,A2
HK 850,KARISMA,CHARTER,NSA14
B 733,TRIGANA,cargo,B11
B 733,TRIGANA,cargo,B10
B 733,TRI MG,cargo,B9
A 320,BATIK AIR,Komersial,A3
A 320,BATIK AIR,Komersial,B1
GLEX,PREMI,CHARTER,B3
EMB 135,IAT,CHARTER,B4
ATR 72,CITILINK,Komersial,A2
ATR 72,PELITA,Komersial,B4
A 320,BATIK AIR,Komersial,A1
A 320,BATIK AIR,Komersial,A3
A 320,BATIK AIR,Komersial,B8
B 738,GARUDA,Komersial,B1
A 320,CITILINK,Komersial,A1
A 320,BATIK AIR,Komersial,B6
A 320,BATIK AIR,Komersial,SA12
A 320,BATIK AIR,Komersial,A3
A 320,BATIK AIR,Komersial,B5
A 320,BATIK AIR,Komersial,SA09
A 320,BATIK AIR,Komersial,A3
A 320,BATIK AIR,Komersial,A2
G VII,TRAVIRA,CHARTER,B7
GLEX,PTN,CHARTER,B9
A 320,BATIK AIR,Komersial,B1
A 320,BATIK AIR,Komersial,A1
A 320,BATIK AIR,Komersial,A2
G 7500,PREMI,CHARTER,B3
B 733,TRIGANA,cargo,B13
A 320,BATIK AIR,Komersial,B7
ATR 72,CITILINK,Komersial,A3
G V,KARISMA,CHARTER,B4
CT 560,PREMI,CHARTER,B3
A 320,BATIK AIR,Komersial,A2
C 208,SUSI AIR,Komersial,A0
ATR 72,FLY JAYA,Komersial,B8
A 320,BATIK AIR,Komersial,B1
A 320,BATIK AIR,Komersial,B9
B 733,TRIGANA,cargo,B12
B 733,AIRNESIA,cargo,B13
EMB 135,KARISMA,CHARTER,B4
B 738,GARUDA,Komersial,B2
L 1000,PREMI,CHARTER,B3
A 320,CITILINK,Komersial,A3
A 320,BATIK AIR,Komersial,A1
EMB 135,KARISMA,CHARTER,SA09
A 320,BATIK AIR,Komersial,B1
L 1000,PREMI,CHARTER,SA12
B 734,B. B. N.,CHARTER,B11
G 7500,PREMI,CHARTER,B5
G 7500,PREMI,CHARTER,B3
ATR 72,CITILINK,Komersial,B5
A 320,BATIK AIR,Komersial,A2
C 208,SUSI AIR,Komersial,A0
ATR 72,PELITA,Komersial,A1
A 320,BATIK AIR,Komersial,A3
G VII,TRAVIRA,CHARTER,B8
C 208,PTN,CHARTER,SA11
A 320,BATIK AIR,Komersial,B7
A 320,BATIK AIR,Komersial,B1
B 733,TRIGANA,cargo,B13
G 500,JIP,CHARTER,B4
GLEX,PTN,CHARTER,B3
A 320,BATIK AIR,Komersial,A2
ATR 72,FLY JAYA,Komersial,A3
GLEX,BIOMANTARA,CHARTER,SA13
A 320,CITILINK,Komersial,B2
A 320,BATIK AIR,Komersial,B5
A 320,BATIK AIR,Komersial,B1
B 738,GARUDA,Komersial,B3
G VI,BIOMANTARA,CHARTER,B4
GLEX,PTN,CHARTER,SA14
ATR 72,CITILINK,Komersial,A2
A 320,CITILINK,Komersial,B2
A 320,BATIK AIR,Komersial,A3
B 733,TRIGANA,cargo,B12
A 320,BATIK AIR,Komersial,B1
A 320,BATIK AIR,Komersial,A3
A 320,BATIK AIR,Komersial,B5
C 208,PTN,CHARTER,SA11
CL 850,JETSET,CHARTER,B7
B 733,AIRNESIA,cargo,B13
A 320,BATIK AIR,Komersial,B3
A 320,CITILINK,Komersial,A3
A 320,BATIK AIR,Komersial,B3
B 738,GARUDA,Komersial,B2
A 320,BATIK AIR,Komersial,B1
B 734,B. B. N.,CHARTER,B11
CL 850,JETSET,CHARTER,SA07
B 733,TRIGANA,cargo,B8
A 320,BATIK AIR,Komersial,B5
A 320,BATIK AIR,Komersial,B7
A 320,BATIK AIR,Komersial,B1
A 320,BATIK AIR,Komersial,B4
EMB 135,PTN,CHARTER,B3
ATR 72,TAS,CHARTER,B6
A 320,BATIK AIR,Komersial,SA02
A 320,BATIK AIR,Komersial,SA15
EC 135,PREMI,CHARTER,SA02
EMB 135,KARISMA,CHARTER,B5
B 733,TRI MG,cargo,B12
B 733,TRIGANA,cargo,B10
G 500,JIP,CHARTER,B4
A 320,BATIK AIR,Komersial,B1
B 733,JAYAWIJAYA,cargo,B8
A 320,BATIK AIR,Komersial,A2
CL 850,JETSET,CHARTER,B5
ATR 72,FLY JAYA,Komersial,B2
A 320,BATIK AIR,Komersial,A3
A 320,BATIK AIR,Komersial,B1
G VI,AFM,CHARTER,B3
B 735,TNI AU,Militer,BASE OPS
C 208,SUSI AIR,Komersial,A1
A 320,BATIK AIR,Komersial,B7
C 208,PTN,CHARTER,SA04
B 733,TRIGANA,cargo,B13
A 320,BATIK AIR,Komersial,A2
G VI,AFM,CHARTER,SA07
A 320,BATIK AIR,Komersial,A3
CL 605,AFM,CHARTER,B4
ATR 72,CITILINK,Komersial,B5
A 320,BATIK AIR,Komersial,B1
B 733,TRIGANA,cargo,B12
A 320,CITILINK,Komersial,B1
B 738,GARUDA,Komersial,B2
B 733,JAYAWIJAYA,cargo,B13
FOKKER 50,POLICE,CHARTER,SA04
CL 605,AFM,CHARTER,RE03
G IV,AFM,CHARTER,SA11
A 320,BATIK AIR,Komersial,A1
EMB 135,BGS,CHARTER,B4
C 208,PTN,CHARTER,SA24
G 500,JIP,CHARTER,B3
A 320,BATIK AIR,Komersial,A2
A 320,BATIK AIR,Komersial,A3
C 208,SUSI AIR,Komersial,A0
G V,KARISMA,CHARTER,B3
A 320,BATIK AIR,Komersial,A1
A 320,BATIK AIR,Komersial,A2
ATR 72,FLY JAYA,Komersial,B1
ATR 72,CITILINK,Komersial,B2
A 320,BATIK AIR,Komersial,A3
C 208,PTN,CHARTER,SA24
EMB 135,AMM,CHARTER,B7
A 320,BATIK AIR,Komersial,A1
A 320,BATIK AIR,Komersial,A2
G V,KARISMA,CHARTER,SA02
B 733,AIRNESIA,cargo,B13
B 734,B. B. N.,CHARTER,B11
C 208,PTN,CHARTER,SA17
A 320,CITILINK,Komersial,B1
A 320,BATIK AIR,Komersial,A2
B 738,GARUDA,Komersial,B2
A 320,CITILINK,Komersial,B1
CL 605,AFM,CHARTER,B4
ATR 72,PELITA,Komersial,A1
A 320,BATIK AIR,Komersial,A3
KING AIR,AFM,CHARTER,B3
A 320,BATIK AIR,Komersial,B6
A 320,BATIK AIR,Komersial,B8
ATR 72,TAS,CHARTER,A2
ATR 72,CITILINK,Komersial,A3
A 320,BATIK AIR,Komersial,B9
C 208,PTN,CHARTER,SA18
A 320,AFM,CHARTER,B1
EMB 135,PTN,CHARTER,B3
EMB 135,KARISMA,CHARTER,B4
B 733,TRIGANA,cargo,B10
EMB 135,BGS,CHARTER,SA04
B 733,JAYAWIJAYA,cargo,B13
KING AIR,AFM,CHARTER,NSA15
ATR 72,TAS,CHARTER,RE01
EMB 135,KARISMA,CHARTER,SA17
A 320,BATIK AIR,Komersial,A2
A 320,BATIK AIR,Komersial,B9
A 320,BATIK AIR,Komersial,B6
A 320,BATIK AIR,Komersial,B2
G V,KARISMA,CHARTER,B4
C 208,PTN,CHARTER,SA18
EMB 135,PTN,CHARTER,SA17
B 738,GARUDA,Komersial,B1
A 320,BATIK AIR,Komersial,B7
B 733,TRIGANA,cargo,B12
B 733,AIRNESIA,cargo,B3
A 320,CITILINK,Komersial,B9
C 208,PTN,CHARTER,SA19
A 320,BATIK AIR,Komersial,SA20
ATR 42,IAT,CHARTER,SA16
CT 680,JIP,CHARTER,B2
EMB 135,B.G.S,CHARTER,B3
C 208,PTN,CHARTER,SA02
B 733,AIRNESIA,cargo,B10
B 733,TRI MG,cargo,B3
AVANTI,SUSI AIR,Komersial,B6
CT 700,PTN,CHARTER,B5
A 320,BATIK AIR,Komersial,A3
B 733,TRIGANA,cargo,B12
A 320,BATIK AIR,Komersial,A1
G IV,JETSET,CHARTER,B3
C 208,PTN,CHARTER,SA02
ATR 72,FLY JAYA,Komersial,B2
A 320,BATIK AIR,Komersial,B4
A 320,BATIK AIR,Komersial,A2
A 320,BATIK AIR,Komersial,A3
A 320,BATIK AIR,Komersial,B7
ATR 72,CITILINK,Komersial,B1
C 208,PTN,CHARTER,SA02
GLEX,PTN,CHARTER,B4
C 208,SUSI AIR,Komersial,A0
B 733,TRIGANA,cargo,B12
B 734,B. B. N.,CHARTER,SA04
G 7500,PREMI,CHARTER,B2
B 738,POLICE,CHARTER,B5
A 320,BATIK AIR,Komersial,A2
A 320,BATIK AIR,Komersial,A3
AS 350,DERAZONA,CHARTER,WR01
C 208,,CHARTER,SA02
G 500,JIP,CHARTER,B4
B 733,TRI MG,cargo,B13
B 738,GARUDA,Komersial,B2
A 320,CITILINK,Komersial,A2
HK 850,,CHARTER,B6
B 733,AIRNESIA,cargo,B11
C 208,,CHARTER,SA01
AVANTI,SUSI AIR,Komersial,A1
EMB 135,PTN,CHARTER,B7
A 320,BATIK AIR,Komersial,A3
A 320,BATIK AIR,Komersial,B9
A 320,BATIK AIR,Komersial,B10
HK 850,KARISMA,CHARTER,B5
G VII,TRAVIRA,CHARTER,B8
B 733,TRIGANA,cargo,A2
A 320,BATIK AIR,Komersial,B1
C 208,SUSI AIR,Komersial,A1
G IV,JIP,CHARTER,B4
CT 680,JIP,CHARTER,B3
ATR 72,FLY JAYA,Komersial,A3
ATR 72,CITILINK,Komersial,B6
A 320,BATIK AIR,Komersial,B2
A 320,BATIK AIR,Komersial,B1
A 320,BATIK AIR,Komersial,A1
HK 800,JETSET,CHARTER,B3
G IV,JETSET,CHARTER,B7
B 733,TRIGANA,cargo,B10
A 320,BATIK AIR,Komersial,A3
G 7500,PREMI,CHARTER,B9
G VI,KARISMA,CHARTER,B4
CT 680,JIP,CHARTER,NSA12
ATR 72,PELITA,Komersial,A2
B 735,TNI AU,Militer,BASEOPS
A 320,BATIK AIR,Komersial,B6
GLEX,AFM,CHARTER,B8
G IV,JIP,CHARTER,SA14
A 320,CITILINK,Komersial,B1
A 320,BATIK AIR,Komersial,A3
B 738,GARUDA,Komersial,B2
HK 800,JETSET,CHARTER,NSA13
G V,AFM,CHARTER,B3
G IV,JETSET,CHARTER,SA16
A 320,BATIK AIR,Komersial,B6
C 208,PTN,CHARTER,SA15
A 320,CITILINK,Komersial,B1
ATR 72,CITILINK,Komersial,A1
AVANTI,SUSI AIR,Komersial,B7
B 733,JAYAWIJAYA,cargo,B12
A 320,BATIK AIR,Komersial,A3
AVANTI,SUSI AIR,Komersial,NSA16
G V,AFM,CHARTER,RE02
A 320,BATIK AIR,Komersial,B2
B 733,TRIGANA,cargo,B11
G 500,JIP,CHARTER,B4
A 320,BATIK AIR,Komersial,B1
A 320,BATIK AIR,Komersial,A3
CT 700,PTN,CHARTER,B5
B 733,AIRNESIA,cargo,B10
C 208,PTN,CHARTER,SA18
A 320,BATIK AIR,Komersial,B8
A 320,BATIK AIR,Komersial,A1
A 320,CITILINK,Komersial,B2
A 320,BATIK AIR,Komersial,B9
A 320,BATIK AIR,Komersial,B3
B 733,TRIGANA,cargo,B12
B 738,GARUDA,Komersial,B1
A 320,BATIK AIR,Komersial,A3
ATR 72,CITILINK,Komersial,B7
C 208,PTN,CHARTER,SA19
EMB 135,AFM,CHARTER,B5
G V,AFM,CHARTER,B4
A 320,BATIK AIR,Komersial,SA01
A 320,BATIK AIR,Komersial,SA15
EMB 135,PTN,CHARTER,B3
ATR 72,TAS,CHARTER,A3
PH 300,PREMI,CHARTER,B6
B 733,TRI MG,cargo,B11
B 733,AIRNESIA,cargo,B13
EMB 135,KARISMA,CHARTER,B8
A 320,BATIK AIR,Komersial,A3
A 320,BATIK AIR,Komersial,B10
C 208,PTN,CHARTER,SA01
ATR 72,FLY JAYA,Komersial,B5
CT 700,BGS,CHARTER,B4
B 733,JAYAWIJAYA,cargo,B13
G 7500,PREMI,CHARTER,B3
A 320,BATIK AIR,Komersial,A2
C 208,SUSI AIR,Komersial,A0
EMB 135,KARISMA,CHARTER,B2
A 320,BATIK AIR,Komersial,B1
C 208,PTN,CHARTER,SA15
A 320,BATIK AIR,Komersial,A3
A 320,BATIK AIR,Komersial,A2
PH 300,PURAWISATA,CHARTER,B7
AW 139,PREMI,CHARTER,B6
ATR 72,CITILINK,Komersial,B2
B 733,TRIGANA,cargo,B12
CT 560,PREMI,CHARTER,B3
G VI,AFM,CHARTER,B4
A 320,BATIK AIR,Komersial,A1
A 320,BATIK AIR,Komersial,A3
B 733,AIRNESIA,cargo,B13
A 320,CITILINK,Komersial,B1
B 738,GARUDA,Komersial,B2
B 733,TRI MG,cargo,B11
C 208,SUSI AIR,Komersial,A0
GLEX,AFM,CHARTER,B7
C 208,PTN,CHARTER,SA15
A 320,BATIK AIR,Komersial,A3
G VII,TRAVIRA,CHARTER,B9
A 320,BATIK AIR,Komersial,A1
AS 350,DERAZONA,CHARTER,WR01
A 320,BATIK AIR,Komersial,B8
ATR 72,CITILINK,Komersial,B1
A 320,BATIK AIR,Komersial,B6
B 738,POLICE,CHARTER,B5
HK 850,KARISMA,CHARTER,B4
ATR 72,FLY JAYA,Komersial,B2
G VI,AFM,CHARTER,RE01
C 208,PTN,CHARTER,SA05
A 320,BATIK AIR,Komersial,A1
G IV,JETSET,CHARTER,B8
A 320,BATIK AIR,Komersial,A2
A 320,BATIK AIR,Komersial,A3
B 733,TRIGANA,cargo,B13
B 733,JAYAWIJAYA,cargo,B12
EMB 135,PTN,CHARTER,B3
G V,AFM,CHARTER,B4
PH 300,PREMI,CHARTER,B2
HK 850,KARISMA,CHARTER,NSA14
B 738,POLICE,CHARTER,SA07
GLEX 650,KARISMA,CHARTER,B5
A 320,CITILINK,Komersial,A3
A 320,BATIK AIR,Komersial,B1
A 320,BATIK AIR,Komersial,A1
ATR 72,TAS,CHARTER,A2
EMB 135,KARISMA,CHARTER,B4
EMB 135,B. G. S.,CHARTER,B7
G V,AFM,CHARTER,RE02
A 320,BATIK AIR,Komersial,B7
B 738,GARUDA,Komersial,B2
EMB 135,PTN,CHARTER,B9
ATR 72,CITILINK,Komersial,A3
A 320,CITILINK,Komersial,B5
ATR 72,PELITA,Komersial,A1
C 208,PTN,CHARTER,SA16
A 320,BATIK AIR,Komersial,B6
GLEX 650,KARISMA,CHARTER,RE03
EMB 135,KARISMA,CHARTER,SA17
A 320,BATIK AIR,Komersial,B1
C 208,PTN,CHARTER,SA05
ATR 72,TAS,CHARTER,SA18
A 320,BATIK AIR,Komersial,B2
A 320,BATIK AIR,Komersial,A2
A 320,BATIK AIR,Komersial,B8
B 733,AIRNESIA,cargo,B10
EMB 135,B. G. S.,CHARTER,SA19
EMB 135,AFM,CHARTER,B5
A 320,BATIK AIR,Komersial,B1
A 320,CITILINK,Komersial,A2
A 320,BATIK AIR,Komersial,B7
B 733,TRI MG,cargo,B13
B 733,TRIGANA,cargo,B12
B 738,GARUDA,Komersial,B2
EMB 135,AFM,CHARTER,SA20
A 320,BATIK AIR,Komersial,B6
ATR 42,IAT,CHARTER,SA01
B 733,JAYAWIJAYA,cargo,B11
HK 800,JETSET,CHARTER,B4
A 320,BATIK AIR,Komersial,SA06
A 320,BATIK AIR,Komersial,B9
A 320,BATIK AIR,Komersial,SA15
B 733,TRIGANA,cargo,B12
BBJ,JIP,CHARTER,B4
G VI,AFM,CHARTER,B5
G V,AFM,CHARTER,B3
B 733,AIRNESIA,cargo,B10
B 733,TRI MG,cargo,B13
G IV,JIP,CHARTER,B9
A 320,BATIK AIR,Komersial,A3
A 320,BATIK AIR,Komersial,A1
G IV,JIP,CHARTER,B5
A 320,BATIK AIR,Komersial,B1
ATR 72,FLY JAYA,Komersial,B2
A 320,BATIK AIR,Komersial,A2
A 320,BATIK AIR,Komersial,A3
C 208,PTN,CHARTER,SA05
A 320,BATIK AIR,Komersial,B1
BBJ,JIP,CHARTER,BASEOPS
B 733,TRIGANA,cargo,B13
C 208,SUSI AIR,Komersial,A0
A 320,BATIK AIR,Komersial,A2
ATR 72,CITILINK,Komersial,A3
A 320,BATIK AIR,Komersial,B1
B 738,POLICE,CHARTER,B5
G IV,JETSET,CHARTER,B4
B 733,TRI MG,cargo,B13
A 320,BATIK AIR,Komersial,A1
A 320,BATIK AIR,Komersial,A2
A 320,CITILINK,Komersial,B1
B 738,GARUDA,Komersial,B2
CIRRUS 22,AFM,CHARTER,A0
HK 850,KARISMA,CHARTER,B3
A 320,BATIK AIR,Komersial,A1
AW 139,PREMI,CHARTER,B6
A 320,BATIK AIR,Komersial,A3
C 208,SUSI AIR,Komersial,A0
A 320,BATIK AIR,Komersial,B1
G VI,AFM,CHARTER,B6
ATR 72,FLY JAYA,Komersial,A3
ATR 72,CITILINK,Komersial,B2
A 320,BATIK AIR,Komersial,A2
A 320,BATIK AIR,Komersial,B7
B 733,AIRNESIA,cargo,B11
C 208,PTN,CHARTER,SA15
S 70,AFM,CHARTER,SA07
GLEX 650,KARISMA,CHARTER,B5
A 320,BATIK AIR,Komersial,B1
G VI,AFM,CHARTER,RE02
G VI,KARISMA,CHARTER,B8
B 733,JAYAWIJAYA,cargo,B10
ATR 72,PELITA,Komersial,A1
A 320,BATIK AIR,Komersial,A3
A 320,CITILINK,Komersial,B1
A 320,BATIK AIR,Komersial,A2
B 738,GARUDA,Komersial,B2
B 733,TRIGANA,cargo,B12
A 320,CITILINK,Komersial,B1
A 320,BATIK AIR,Komersial,B6
A 320,BATIK AIR,Komersial,B7
A 320,BATIK AIR,Komersial,A3
HK 850,KARISMA,CHARTER,B5
ATR 72,CITILINK,Komersial,A2
C 208,PTN,CHARTER,SA16
A 320,BATIK AIR,Komersial,B8
A 320,BATIK AIR,Komersial,B2
A 320,BATIK AIR,Komersial,A3
C 208,PTN,CHARTER,SA05
A 320,BATIK AIR,Komersial,B9
A 320,BATIK AIR,Komersial,A3
B 733,AIRNESIA,cargo,B11
B 733,TRI MG,cargo,B13
G IV,KARISMA,CHARTER,B4
B 738,GARUDA,Komersial,B2
A 320,BATIK AIR,Komersial,B9
A 320,CITILINK,Komersial,B1
G IV,KARISMA,CHARTER,RE01
A 320,BATIK AIR,Komersial,SA06
A 320,BATIK AIR,Komersial,B7
ATR 72,TAS,CHARTER,B6
B 733,AIRNESIA,cargo,B11
B 733,TRI MG,cargo,B13
G VI,AFM,CHARTER,B3
A 320,BATIK AIR,Komersial,A1
B 734,B. B. N.,CHARTER,B10
G VI,KARISMA,CHARTER,B4
A 320,BATIK AIR,Komersial,A2
G VII,TRAVIRA,CHARTER,B7
B 733,JAYAWIJAYA,cargo,B13
ATR 72,FLY JAYA,Komersial,B2
A 320,BATIK AIR,Komersial,B1
A 320,BATIK AIR,Komersial,A1
ATR 72,CITILINK,Komersial,B2
A 320,BATIK AIR,Komersial,A1
A 320,BATIK AIR,Komersial,A2
A 320,BATIK AIR,Komersial,A3
G IV,JETSET,CHARTER,B5
C 208,SUSI AIR,Komersial,A0
A 320,CITILINK,Komersial,B1
B 738,GARUDA,Komersial,B2
B 733,AIRNESIA,cargo,B13
A 320,BATIK AIR,Komersial,A3
ATR 72,CITILINK,Komersial,B1
A 320,BATIK AIR,Komersial,A2
A 320,BATIK AIR,Komersial,A1
B 733,TRIGANA,cargo,B12
A 320,BATIK AIR,Komersial,A1
ATR 72,FLY JAYA,Komersial,B2
A 320,BATIK AIR,Komersial,A3
B 733,TRIGANA,cargo,B9
B 734,B. B. N.,CHARTER,B11
B 733,JAYAWIJAYA,cargo,B10
A 320,BATIK AIR,Komersial,B8
G IV,JIP,CHARTER,B4
A 320,BATIK AIR,Komersial,B1
ATR 72,PELITA,Komersial,A2
G 7500,PREMI,CHARTER,B5
GLEX,PTN,CHARTER,B3
G IV,AFM,CHARTER,B3
CT 700,KARISMA,CHARTER,B6
A 320,CITILINK,Komersial,B2
HK 800,JETSET,CHARTER,B11
HK 850,KARISMA,CHARTER,B5
GLEX,PTN,CHARTER,SA04
A 320,BATIK AIR,Komersial,B8
B 738,GARUDA,Komersial,B1
A 320,BATIK AIR,Komersial,B10
ATR 72,CITILINK,Komersial,A1
A 320,BATIK AIR,Komersial,A3
A 320,CITILINK,Komersial,B2
A 320,BATIK AIR,Komersial,B7
G IV,KARISMA,CHARTER,B4
G IV,JIP,CHARTER,SA05
A 320,BATIK AIR,Komersial,B7
HK 850,KARISMA,CHARTER,NSA13
A 320,BATIK AIR,Komersial,B1
ATR 72,TAS,CHARTER,A3
HK 800,JETSET,CHARTER,NSA16
G IV,AFM,CHARTER,SA06
A 320,BATIK AIR,Komersial,B4
A 320,BATIK AIR,Komersial,B9
A 320,BATIK AIR,Komersial,B7
B 733,JAYAWIJAYA,cargo,B10
B 733,TRIGANA,cargo,B11
A 320,CITILINK,Komersial,B2
G VII,TRAVIRA,CHARTER,B6
B 738,GARUDA,Komersial,B3
A 320,BATIK AIR,Komersial,B1
B 733,AIRNESIA,cargo,B13
ATR 72,TAS,CHARTER,RE01
B 734,B. B. N.,CHARTER,B12
ATR 72,CITILINK,Komersial,B5
A 320,BATIK AIR,Komersial,A3
A 320,BATIK AIR,Komersial,A1
B 733,TRIGANA,cargo,B11
A 320,BATIK AIR,Komersial,SA14
A 320,BATIK AIR,Komersial,SA15
B 733,AIRNESIA,cargo,B13
A 320,BATIK AIR,Komersial,A2
A 320,BATIK AIR,Komersial,B1
EMB 135,KARISMA,CHARTER,B4
ATR 72,FLY JAYA,Komersial,B2
A 320,BATIK AIR,Komersial,A3
B 733,TRIGANA,cargo,B12
A 320,BATIK AIR,Komersial,B5
A 320,BATIK AIR,Komersial,A1
A 320,BATIK AIR,Komersial,B8
ATR 72,CITILINK,Komersial,B1
AW 139,PREMI,CHARTER,SA15
B 733,TRIGANA,cargo,B11
A 320,BATIK AIR,Komersial,B1
A 320,BATIK AIR,Komersial,A2
G IV,JIP,CHARTER,B5
G 7500,PREMI,CHARTER,B3
B 733,JAYAWIJAYA,cargo,B10
AW 139,PREMI,CHARTER,B6
HK 850,,CHARTER,B13
G IV,JETSET,CHARTER,B4
ATR 72,PELITA,Komersial,A1
A 320,CITILINK,Komersial,B1
B 738,GARUDA,Komersial,B2
A 320,BATIK AIR,Komersial,B7
A 320,BATIK AIR,Komersial,B5
A 320,BATIK AIR,Komersial,A2
B 734,B. B. N.,CHARTER,B12
C 208,SUSI AIR,Komersial,A3
A 320,BATIK AIR,Komersial,B8
ATR 72,CITILINK,Komersial,A3
G IV,JETSET,CHARTER,RE02
B 733,AIRNESIA,cargo,B13
A 320,BATIK AIR,Komersial,A2
ATR 72,FLY JAYA,Komersial,B1
A 320,BATIK AIR,Komersial,B6
ATR 72,PELITA,Komersial,RE03
A 320,BATIK AIR,Komersial,B5
A 320,BATIK AIR,Komersial,A1
G IV,,CHARTER,B4
A 320,BATIK AIR,Komersial,A2
A 320,CITILINK,Komersial,B1
A 320,BATIK AIR,Komersial,B8
A 320,BATIK AIR,Komersial,A1
G V,BIOMANTARA,CHARTER,B7
C 208,SUSI AIR,Komersial,A0
ATR 72,CITILINK,Komersial,A3
B 738,GARUDA,Komersial,B2
B 738,POLICE,CHARTER,B5
G 7500,PREMI,CHARTER,B3
B 733,TRIGANA,cargo,B12
A 320,CITILINK,Komersial,B1
A 320,BATIK AIR,Komersial,B5
A 320,BATIK AIR,Komersial,A2
EMB 135,KARISMA,CHARTER,B4
A400,GAPURA,CHARTER,SA14
A 320,BATIK AIR,Komersial,B1
A 320,BATIK AIR,Komersial,A3
A 320,BATIK AIR,Komersial,B9
HK 850,KARISMA,CHARTER,B4
B 733,TRIGANA,cargo,B11
B 733,AIRNESIA,cargo,B13
A 320,CITILINK,Komersial,A3
A 320,BATIK AIR,Komersial,A2
A 320,BATIK AIR,Komersial,B8
A 320,BATIK AIR,Komersial,B6
ATR 72,CITILINK,Komersial,B1
HK 850,KARISMA,CHARTER,NSA13
B 734,B. B. N.,CHARTER,B12
B 738,GARUDA,Komersial,B2
A 320,BATIK AIR,Komersial,B7
B 733,JAYAWIJAYA,cargo,B10
ATR 72,PELITA,Komersial,A1
EMB 135,AFM,CHARTER,SA05
HK 800,AFM,CHARTER,B4
A 320,BATIK AIR,Komersial,SA06
A 320,BATIK AIR,Komersial,SA07
B 733,JAYAWIJAYA,cargo,SA14
B 733,AIRNESIA,cargo,B11
B 733,TRIGANA,cargo,B13
A 320,BATIK AIR,Komersial,A2
B 733,TRIGANA,cargo,B10
A 320,BATIK AIR,Komersial,A1
G VII,TRAVIRA,CHARTER,B6
G IV,JETSET,CHARTER,B6
ATR 72,FLY JAYA,Komersial,B2
A 320,BATIK AIR,Komersial,B5
A 320,BATIK AIR,Komersial,B1
C 208,SUSI AIR,Komersial,A3
A 320,BATIK AIR,Komersial,B8
EMB 135,IAT,CHARTER,B4
ATR 72,CITILINK,Komersial,B5
A 320,BATIK AIR,Komersial,A2
L 1000,PREMI,CHARTER,B3
A 320,BATIK AIR,Komersial,SA17
A 320,BATIK AIR,Komersial,A1
A 320,BATIK AIR,Komersial,A3
B 733,TRIGANA,cargo,B13
B 733,JAYAWIJAYA,cargo,B12
HK 800,JETSET,CHARTER,B8
G V,BIOMANTARA,CHARTER,B6
CT 680,JIP,CHARTER,B4
A 320,CITILINK,Komersial,B1
B 738,GARUDA,Komersial,B2
A 320,BATIK AIR,Komersial,A3
B 734,B. B. N.,CHARTER,B11
AVANTI,SUSI AIR,Komersial,A0
A 320,BATIK AIR,Komersial,A1
A 320,BATIK AIR,Komersial,A2
A 320,BATIK AIR,Komersial,A3
ATR 72,CITILINK,Komersial,B1
G IV,JETSET,CHARTER,B5
ATR 72,PELITA,Komersial,A1
A 320,BATIK AIR,Komersial,A2
ATR 72,FLY JAYA,Komersial,B2
A 320,BATIK AIR,Komersial,A3
G IV,JETSET,CHARTER,SA07
B 733,TRIGANA,cargo,B10
B 733,AIRNESIA,cargo,B13
A 320,BATIK AIR,Komersial,A2
C 208,SUSI AIR,Komersial,A0
A 320,BATIK AIR,Komersial,A3
A 320,BATIK AIR,Komersial,B5
A 320,CITILINK,Komersial,B1
B 733,TRI MG,cargo,B12
B 738,GARUDA,Komersial,B2
A 320,BATIK AIR,Komersial,A2
A 320,BATIK AIR,Komersial,A1
ATR 72,PELITA,Komersial,RE02
ATR 72,CITILINK,Komersial,A3
AVANTI,SUSI AIR,Komersial,B7
A 320,BATIK AIR,Komersial,B8
A 320,CITILINK,Komersial,B1
CL 605,BIOMANTARA,CHARTER,B4
A 320,BATIK AIR,Komersial,A2
AVANTI,SUSI AIR,Komersial,NSA11
CL 850,JETSET,CHARTER,B5
A 320,BATIK AIR,Komersial,B1
CL 605,JETSET,CHARTER,RE03
G IV,JETSET,CHARTER,RE04
KING AIR,AFM,CHARTER,NSA13
B 733,AIRNESIA,cargo,B11
A 320,BATIK AIR,Komersial,B8
A 320,BATIK AIR,Komersial,A2
A 320,CITILINK,Komersial,B1
EMB 135,IAT,CHARTER,B4
B 733,TRIGANA,cargo,B10
A 320,BATIK AIR,Komersial,A1
B 733,TRIGANA,cargo,B9
A 320,BATIK AIR,Komersial,B7
B 733,JAYAWIJAYA,cargo,B13
A 320,BATIK AIR,Komersial,B5
B 734,B. B. N.,CHARTER,B6
B 738,GARUDA,Komersial,B2
A 320,BATIK AIR,Komersial,SA06
B 734,B. B. N.,CHARTER,SA07
ATR 72,TAS,CHARTER,A2
B 733,JAYAWIJAYA,cargo,SA18
CL 850,JETSET,CHARTER,RE04
B 733,AIRNESIA,cargo,B11
G IV,AFM,CHARTER,B3
B 733,TRIGANA,cargo,B10
B 733,TRI MG,cargo,B12
GLEX,KARISMA,CHARTER,B4
A 320,BATIK AIR,Komersial,A3
HK 900,KARISMA,CHARTER,B2
ATR 72,FLY JAYA,Komersial,B1
C 208,SUSI AIR,Komersial,A0
PH 300,PURAWISATA,CHARTER,B6
A 320,BATIK AIR,Komersial,A2
A 320,BATIK AIR,Komersial,B8
B 733,TRIGANA,cargo,B13
A 320,BATIK AIR,Komersial,A3
A 320,BATIK AIR,Komersial,B7
A 320,BATIK AIR,Komersial,B5
ATR 72,CITILINK,Komersial,B1
A 320,BATIK AIR,Komersial,A3
A 320,BATIK AIR,Komersial,A2
AVANTI,SUSI AIR,Komersial,A1
C 208,SUSI AIR,Komersial,A1
A 320,CITILINK,Komersial,B1
B 738,GARUDA,Komersial,B2
A 320,BATIK AIR,Komersial,A3
AW 139,TRAVIRA,CHARTER,SA14
GLEX,AFM,CHARTER,B7
AW 139,TRAVIRA,CHARTER,SA06
B 733,TRIGANA,cargo,B12
A 320,BATIK AIR,Komersial,A2
ATR 72,CITILINK,Komersial,B1
A 320,BATIK AIR,Komersial,A1
G IV,AFM,CHARTER,B3
A 320,BATIK AIR,Komersial,A3
PH 300,PURAWISATA,CHARTER,B4
AVANTI,SUSI AIR,Komersial,B6
ATR 72,FLY JAYA,Komersial,B2
A 320,BATIK AIR,Komersial,B1
A 320,BATIK AIR,Komersial,B8
B 733,JAYAWIJAYA,cargo,B10
G IV,AFM,CHARTER,SA12
AVANTI,SUSI AIR,Komersial,NSA11
A 320,BATIK AIR,Komersial,B5
CT 680,JIP,CHARTER,B4
G VII,TRAVIRA,CHARTER,B9
GLEX,AFM,CHARTER,B3
A 320,BATIK AIR,Komersial,B10
B 735,CITILINK,Komersial,B12
A 320,CITILINK,Komersial,B1
G VI,KARISMA,CHARTER,B5
ATR 72,TAS,CHARTER,A1
B 738,GARUDA,Komersial,B2
A 320,BATIK AIR,Komersial,A3
ATR 72,CITILINK,Komersial,A2
A 320,BATIK AIR,Komersial,B8
A 320,CITILINK,Komersial,B1
A 320,BATIK AIR,Komersial,B7
B 735,CITILINK,Komersial,SA14
GLEX,AFM,CHARTER,RE05
G V,KARISMA,CHARTER,B4
A 320,BATIK AIR,Komersial,B6
G V,KARISMA,CHARTER,RE06
A 320,BATIK AIR,Komersial,B1
A 320,BATIK AIR,Komersial,B2
G VI,AFM,CHARTER,B4
B 734,B. B. N.,CHARTER,B12
B 733,TRIGANA,cargo,B13
ATR 72,TAS,CHARTER,RE07
B 733,AIRNESIA,cargo,B11
B 733,TRIGANA,cargo,B9
A 320,BATIK AIR,Komersial,A1
A 320,CITILINK,Komersial,A3
A 320,BATIK AIR,Komersial,B5
B 733,AIRNESIA,cargo,SA02
G VI,AFM,CHARTER,SA03
B 733,JAYAWIJAYA,cargo,B11
ATR 72,PELITA,Komersial,B3
A 320,BATIK AIR,Komersial,B1
B 738,GARUDA,Komersial,B2
A 320,BATIK AIR,Komersial,SA06
A 320,BATIK AIR,Komersial,SA07
EMB 135,JETSET,CHARTER,SA11
B 733,TRI MG,cargo,B9
AVANTI,SUSI AIR,Komersial,A0
CL 605,BIOMANTARA,CHARTER,B8
A 320,BATIK AIR,Komersial,B1
CL 850,PREMI,CHARTER,B3
A 320,BATIK AIR,Komersial,A1
CT 680,JIP,CHARTER,B4
A 320,BATIK AIR,Komersial,A2
CT 680,JIP,CHARTER,NSA11
ATR 72,FLY JAYA,Komersial,B2
C 208,SUSI AIR,Komersial,A3
B 733,TRIGANA,cargo,B10
A 320,BATIK AIR,Komersial,B7
A 320,BATIK AIR,Komersial,B8
ATR 42,IAT,CHARTER,B6
A 320,BATIK AIR,Komersial,A1
ATR 72,CITILINK,Komersial,B1
G VI,KARISMA,CHARTER,B4
B 733,AIRNESIA,cargo,B13
G IV,JETSET,CHARTER,B5
A 320,BATIK AIR,Komersial,A1
A 320,BATIK AIR,Komersial,A2
EMB 135,KARISMA,CHARTER,RE02
B 738,GARUDA,Komersial,B2
A 320,CITILINK,Komersial,B1
B 733,TRIGANA,cargo,B12
A 320,BATIK AIR,Komersial,A3
B 733,JAYAWIJAYA,cargo,B11
A 320,BATIK AIR,Komersial,A2
AVANTI,SUSI AIR,Komersial,B7
A 320,BATIK AIR,Komersial,A1
ATR 72,CITILINK,Komersial,A3
C 208,SUSI AIR,Komersial,A0
A 320,BATIK AIR,Komersial,B8
BELL 412EP,AIRFAST,CHARTER,SA02
ATR 72,FLY JAYA,Komersial,B1
A 320,BATIK AIR,Komersial,A2
A 320,BATIK AIR,Komersial,A1
B 733,TRIGANA,cargo,B10
AVANTI,SUSI AIR,Komersial,NSA16
BELL 412EP,AIRFAST,CHARTER,SA02
A 320,BATIK AIR,Komersial,B8
A 320,BATIK AIR,Komersial,A2
G VI,AFM,CHARTER,B7
GLEX,KARISMA,CHARTER,B5
B777,GARUDA,Komersial,BASEOPS
A 320,BATIK AIR,Komersial,A3
A 320,BATIK AIR,Komersial,A1
A 320,CITILINK,Komersial,B1
B 738,GARUDA,Komersial,B2
A 320,BATIK AIR,Komersial,B9
ATR 72,CITILINK,Komersial,A2
A 320,CITILINK,Komersial,B3
ATR 42,IAT,CHARTER,B4
GLEX,KARISMA,CHARTER,SA02
EC 135,PREMI,CHARTER,SA03
A 320,BATIK AIR,Komersial,B1
ATR 72,PELITA,Komersial,A1
A 320,BATIK AIR,Komersial,A3
B 733,AIRNESIA,cargo,B13
A 320,BATIK AIR,Komersial,A2
A 320,BATIK AIR,Komersial,B7
A 320,CITILINK,Komersial,B1
B 733,TRIGANA,cargo,B10
A 320,BATIK AIR,Komersial,B9
A 320,BATIK AIR,Komersial,A2
A 320,BATIK AIR,Komersial,B6
B 733,JAYAWIJAYA,cargo,B11
ATR 72,CITILINK,Komersial,A3
A 320,BATIK AIR,Komersial,B12
G VI,AFM,CHARTER,B5
GLEX,PREMI,CHARTER,B3
B 738,GARUDA,Komersial,B2
A 320,BATIK AIR,Komersial,SA05
A 320,BATIK AIR,Komersial,SA07
B 733,AIRNESIA,cargo,SA06
G VI,AFM,CHARTER,RE03
EMB 135,B. G. S.,CHARTER,B3
GLEX,PTN,CHARTER,B6
G IV,JIP,CHARTER,B5
B 733,TRI MG,cargo,B13
A 320,BATIK AIR,Komersial,A2
EMB 135,PTN,CHARTER,B6
BBJ,JIP,CHARTER,BASE OPS
A 320,BATIK AIR,Komersial,B4
B 733,JAYAWIJAYA,cargo,B11
G IV,JIP,CHARTER,SA04
A 320,BATIK AIR,Komersial,B1
EMB 135,KARISMA,CHARTER,B5
C 208,SUSI AIR,Komersial,A0
ATR 72,FLY JAYA,Komersial,B2
BBJ,JIP,CHARTER,SA05
B 733,TRIGANA,cargo,B10
A 320,BATIK AIR,Komersial,A1
G 7500,PREMI,CHARTER,B3
A 320,BATIK AIR,Komersial,A3
B 733,TRIGANA,cargo,B13
A 320,BATIK AIR,Komersial,A2
ATR 72,CITILINK,Komersial,B2
BBJ 2,PTN,CHARTER,B8
A 320,BATIK AIR,Komersial,A1
GLEX,AFM,CHARTER,B4
A 320,BATIK AIR,Komersial,A2
C 208,SUSI AIR,Komersial,A0
EMB 135,KARISMA,CHARTER,B3
AS350,AIRFAST,CHARTER,SA09
AS350,AIRFAST,CHARTER,SA09
B 733,TRI MG,cargo,B13
G IV,JETSET,CHARTER,B6
A 320,CITILINK,Komersial,B1
B 738,GARUDA,Komersial,B2
ATR 72,TAS,CHARTER,SA10
A 320,BATIK AIR,Komersial,B5
A 320,BATIK AIR,Komersial,B9
A 320,BATIK AIR,Komersial,A1
G V,KARISMA,CHARTER,B4
A 320,BATIK AIR,Komersial,A2
ATR 72,CITILINK,Komersial,B1
A 320,BATIK AIR,Komersial,A3
GLEX,AFM,CHARTER,B10
B 733,TRIGANA,cargo,B12
ATR 72,FLY JAYA,Komersial,B3
LJ 55,AMM,CHARTER,B7
EMB 135,AMM,CHARTER,B6
C 208,SUSI AIR,Komersial,B2
A 320,BATIK AIR,Komersial,B8
G IV,JETSET,CHARTER,RE04
B 733,TRIGANA,cargo,B13
BBJ 2,PTN,CHARTER,SA07
EMB 135,KARISMA,CHARTER,B4
A 320,BATIK AIR,Komersial,A2
GLEX,AFM,CHARTER,RE02
A 320,CITILINK,Komersial,A3
A 320,BATIK AIR,Komersial,A1
A 320,BATIK AIR,Komersial,A2
LJ 55,AMM,CHARTER,RE06
EMB 135,AMM,CHARTER,SA09
BBJ,JIP,CHARTER,B3
B 738,GARUDA,Komersial,B2
C 208,SUSI AIR,Komersial,B1
A 320,CITILINK,Komersial,B1
ATR 72,CITILINK,Komersial,A1
C 208,SUSI AIR,Komersial,A0
A 320,BATIK AIR,Komersial,B4
GLEX,PTN,CHARTER,B5
A 320,BATIK AIR,Komersial,A3
ATR 72,PELITA,Komersial,A2
A 320,BATIK AIR,Komersial,B1
B 733,JAYAWIJAYA,cargo,B13
GLEX,PTN,CHARTER,RE08
A 320,BATIK AIR,Komersial,B8
EMB 135,KARISMA,CHARTER,B5
A 320,BATIK AIR,Komersial,B9
A 320,BATIK AIR,Komersial,B7
A 320,BATIK AIR,Komersial,B10
B 733,TRIGANA,cargo,B12
A 320,CITILINK,Komersial,A3
EMB 135,KARISMA,CHARTER,RE05
B 733,AIRNESIA,cargo,B11
B 738,GARUDA,Komersial,B2
A 330,GARUDA,Komersial,SA05
A 330,GARUDA,Komersial,SA06
LJ 55,B.G.S,CHARTER,B6
B 733,JAYAWIJAYA,cargo,B13
B 733,TRI MG,cargo,B12
ATR 42,IAT,CHARTER,B3
A 320,BATIK AIR,Komersial,B4
LJ 55,B.G.S,CHARTER,NSA15
B 733,TRIGANA,cargo,B12
C 208,SUSI AIR,Komersial,A0
A 320,BATIK AIR,Komersial,A3
B 733,TRIGANA,cargo,B13
A 320,BATIK AIR,Komersial,A2
ATR 72,FLY JAYA,Komersial,B3
ATR 72,CITILINK,Komersial,A3
HK 850,KARISMA,CHARTER,B5
B 734,TNI AU,Militer,BASEOPS
A 320,BATIK AIR,Komersial,A1
A 320,BATIK AIR,Komersial,A2
B 737,TRI MG,cargo,B12
GLEX,PTN,CHARTER,SA05
A 320,BATIK AIR,Komersial,B1
EMB 135,KARISMA,CHARTER,SA06
B 738,GARUDA,Komersial,B2
A 320,CITILINK,Komersial,B1
A 320,BATIK AIR,Komersial,A1
A 320,BATIK AIR,Komersial,A2
A 320,BATIK AIR,Komersial,A3
G VI,AFM,CHARTER,SA15
BELL 412EP,AIRFAST,CHARTER,SA16
BELL 412EP,AIRFAST,CHARTER,SA16
A 320,BATIK AIR,Komersial,B7
ATR 72,CITILINK,Komersial,B6
B 733,AIRNESIA,cargo,B11
ATR 72,FLY JAYA,Komersial,B4
A 320,BATIK AIR,Komersial,A3
A 320,BATIK AIR,Komersial,A2
A 320,BATIK AIR,Komersial,B5
B 733,TRIGANA,cargo,B13
ATR 72,PELITA,Komersial,A1
G IV,JETSET,CHARTER,SA17
A 320,BATIK AIR,Komersial,A3
CL 850,JETSET,CHARTER,SA18
C 208,SUSI AIR,Komersial,A0
G VI,KARISMA,CHARTER,B4
B 733,JAYAWIJAYA,cargo,B11
A 320,BATIK AIR,Komersial,A2
A 320,CITILINK,Komersial,B1
B 738,GARUDA,Komersial,B5
A 320,BATIK AIR,Komersial,B2
A 320,BATIK AIR,Komersial,B7
ATR 72,CITILINK,Komersial,A3
A 320,CITILINK,Komersial,B2
A 320,BATIK AIR,Komersial,A2
A 320,BATIK AIR,Komersial,B1
A 320,BATIK AIR,Komersial,B3
GLEX,AFM,CHARTER,SA16
GLEX,AFM,CHARTER,B6
A 320,BATIK AIR,Komersial,B8
A 320,BATIK AIR,Komersial,B1
A 320,BATIK AIR,Komersial,B5
A 320,BATIK AIR,Komersial,B4
B 733,AIRNESIA,cargo,B11
A 320,CITILINK,Komersial,B2
GLEX,AFM,CHARTER,SA19
B 733,TRIGANA,cargo,B10
A 320,BATIK AIR,Komersial,B3
B 733,TRI MG,cargo,B12
B 738,GARUDA,Komersial,B1
A 320,BATIK AIR,Komersial,A2
A 320,BATIK AIR,Komersial,SA20
A 320,BATIK AIR,Komersial,SA21
ATR 72,TAS,CHARTER,B3
A 320,BATIK AIR,Komersial,B7
B 735,CITILINK,Komersial,B10
G IV,JIP,CHARTER,B4
B 733,TRI MG,cargo,B11
B 733,AIRNESIA,cargo,B12
A 320,BATIK AIR,Komersial,B8
B 733,TRIGANA,cargo,B12
A 320,BATIK AIR,Komersial,B5
GLEX,KARISMA,CHARTER,B3
A 320,BATIK AIR,Komersial,A2
ATR 72,FLY JAYA,Komersial,B2
B 734,B. B. N.,CHARTER,B13
C 208,SUSI AIR,Komersial,A0
A 320,BATIK AIR,Komersial,A3
B 733,JAYAWIJAYA,cargo,B11
A 320,BATIK AIR,Komersial,B1
EMB 135,PTN,CHARTER,B6
B 733,TRIGANA,cargo,B9
A 320,BATIK AIR,Komersial,A1
EMB 135,PTN,CHARTER,B5
ATR 72,CITILINK,Komersial,B6
G VI,BIOMANTARA,CHARTER,B7
G IV,AFM,CHARTER,B4
A 320,BATIK AIR,Komersial,A3
A 320,BATIK AIR,Komersial,B1
C 208,SUSI AIR,Komersial,A0
BBJ 2,PTN,CHARTER,B10
B 733,TRI MG,cargo,B13
G V,KARISMA,CHARTER,B3
HK 900,KARISMA,CHARTER,B2
B 738,GARUDA,Komersial,B1
A 320,CITILINK,Komersial,A3
A 320,BATIK AIR,Komersial,B8
A 320,BATIK AIR,Komersial,A1
B 734,B. B. N.,CHARTER,SA07
A 320,BATIK AIR,Komersial,A2
B 735,CITILINK,Komersial,B12
A 320,BATIK AIR,Komersial,A1
A 320,BATIK AIR,Komersial,B7
ATR 72,CITILINK,Komersial,B1
BBJ 2,PTN,CHARTER,SA11
ATR 72,FLY JAYA,Komersial,B2
A 320,BATIK AIR,Komersial,A2
A 320,BATIK AIR,Komersial,A3
CL 850,JETSET,CHARTER,B3
B 733,JAYAWIJAYA,cargo,B11
GLEX,KARISMA,CHARTER,B6
A 320,BATIK AIR,Komersial,A1
B 738,POLICE,CHARTER,B5
C 172,GENESA,CHARTER,SA02
EMB 135,KARISMA,CHARTER,B4
A 320,BATIK AIR,Komersial,A2
B 733,AIRNESIA,cargo,B10
GLEX,KARISMA,CHARTER,SA16
A 320,BATIK AIR,Komersial,A3
A 320,BATIK AIR,Komersial,B7
A 320,CITILINK,Komersial,B1
B 738,GARUDA,Komersial,B2
B 733,TRIGANA,cargo,B12
A 320,CITILINK,Komersial,B1
HK 800,JETSET,CHARTER,B4
ATR 72,PELITA,Komersial,A1
ATR 72,TAS,CHARTER,A2
ATR 72,CITILINK,Komersial,A3
A 320,BATIK AIR,Komersial,B3
EMB 135,KARISMA,CHARTER,SA17
HK 800,JETSET,CHARTER,NSA14
A 320,BATIK AIR,Komersial,B9
A 320,BATIK AIR,Komersial,B1
A 320,BATIK AIR,Komersial,B7
A 320,BATIK AIR,Komersial,B8
ATR 72,TAS,CHARTER,SA02
B 735,CITILINK,Komersial,B10
B 734,B. B. N.,CHARTER,B11
A 320,BATIK AIR,Komersial,B2
A 320,BATIK AIR,Komersial,B7
A 320,CITILINK,Komersial,A2
ATR 42,IAT,CHARTER,B1
G IV,AFM,CHARTER,B5
ATR 72,PELITA,Komersial,SA04
B 738,GARUDA,Komersial,B1
A 320,BATIK AIR,Komersial,A1
B 733,AIRNESIA,cargo,B11
B 733,JAYAWIJAYA,cargo,B8
A 320,BATIK AIR,Komersial,SA07
G IV,AFM,CHARTER,SA18
A 320,BATIK AIR,Komersial,B6
B 733,AIRNESIA,cargo,SA20
A 320,BATIK AIR,Komersial,SA19
ATR 42,IAT,CHARTER,SA01
A 320,BATIK AIR,Komersial,A1
A 320,BATIK AIR,Komersial,B9
EMB 135,AMM,CHARTER,B4
A 320,BATIK AIR,Komersial,B7
ATR 72,FLY JAYA,Komersial,B1
A 320,BATIK AIR,Komersial,A1
A 320,BATIK AIR,Komersial,B5
G IV,,CHARTER,B3
A 320,BATIK AIR,Komersial,B1
ATR 72,CITILINK,Komersial,B5
B 733,TRIGANA,cargo,B11
B 734,B. B. N.,CHARTER,B13
A 320,BATIK AIR,Komersial,A2
PH 300,PURAWISATA,CHARTER,B4
A 320,BATIK AIR,Komersial,A1
G IV,JIP,CHARTER,B5
B 735,CITILINK,Komersial,B10
A 320,CITILINK,Komersial,B1
B 738,GARUDA,Komersial,B2
A 320,BATIK AIR,Komersial,A1
A 320,BATIK AIR,Komersial,A2
A 320,BATIK AIR,Komersial,A3
G IV,JIP,CHARTER,SA07
B 733,AIRNESIA,cargo,B12
GLEX,BIOMANTARA,CHARTER,B3
G IV,AFM,CHARTER,B5
HK 850,KARISMA,CHARTER,B6
A 320,BATIK AIR,Komersial,B7
ATR 72,CITILINK,Komersial,B1
BBJ 2,PTN,CHARTER,B8
A 320,BATIK AIR,Komersial,A1
ATR 72,FLY JAYA,Komersial,B2
A 320,BATIK AIR,Komersial,A2
A 320,BATIK AIR,Komersial,A3
BBJ 2,PTN,CHARTER,BASEOPS
HK 850,KARISMA,CHARTER,NSA15
EMB 135,KARISMA,CHARTER,B4
A 320,BATIK AIR,Komersial,A1
B 733,JAYAWIJAYA,cargo,B9
A 320,BATIK AIR,Komersial,B6
C 208,SUSI AIR,Komersial,A0
GLEX,PREMI,CHARTER,B3
A 320,CITILINK,Komersial,B1
A 320,BATIK AIR,Komersial,A2
EMB 135,IAT,CHARTER,B4
G IV,JETSET,CHARTER,B7
ATR 72,CITILINK,Komersial,A3
B 738,GARUDA,Komersial,B2
A 320,CITILINK,Komersial,A1
A 320,BATIK AIR,Komersial,B6
A 320,BATIK AIR,Komersial,B1
B 733,TRIGANA,cargo,B12
HK 850,KARISMA,CHARTER,B5
CL 850,JETSET,CHARTER,B4
PH 300,PURAWISATA,CHARTER,B9
G IV,JETSET,CHARTER,SA09
G IV,AFM,CHARTER,B9
EMB 135,KARISMA,CHARTER,B8
CL 850,JETSET,CHARTER,SA06
A 320,BATIK AIR,Komersial,B1
EMB 135,KARISMA,CHARTER,SA11
G IV,AFM,CHARTER,SA12
A 320,BATIK AIR,Komersial,B3
A 320,BATIK AIR,Komersial,B8
A 320,BATIK AIR,Komersial,A2
A 320,CITILINK,Komersial,A3
A 320,BATIK AIR,Komersial,B7
A 320,BATIK AIR,Komersial,B9
ATR 72,PELITA,Komersial,A1
A 320,BATIK AIR,Komersial,A2
ATR 72,CITILINK,Komersial,B6
B 735,CITILINK,Komersial,B12
B 738,GARUDA,Komersial,B2
B 734,B. B. N.,CHARTER,B13
A 320,BATIK AIR,Komersial,B1
A 320,BATIK AIR,Komersial,SA04
A 320,BATIK AIR,Komersial,SA15
G IV,JETSET,CHARTER,B5
G IV,JIP,CHARTER,B4
A 320,BATIK AIR,Komersial,B8
A 320,BATIK AIR,Komersial,B7
A 320,BATIK AIR,Komersial,A1
B 733,TRIGANA,cargo,B11
B 733,AIRNESIA,cargo,B10
C 208,SUSI AIR,Komersial,A0
ATR 72,FLY JAYA,Komersial,A3
A 320,BATIK AIR,Komersial,A1
A 320,BATIK AIR,Komersial,A3
B 734,B. B. N.,CHARTER,SA04
A 320,BATIK AIR,Komersial,B1
ATR 72,CITILINK,Komersial,B2
G VI,KARISMA,CHARTER,B4
L 1000,PREMI,CHARTER,B3
A 320,BATIK AIR,Komersial,A1
EMB 135,KARISMA,CHARTER,B7
A 320,BATIK AIR,Komersial,A2
A 320,CITILINK,Komersial,A2
B 738,GARUDA,Komersial,B2
L 1000,PREMI,CHARTER,SA11
C 208,SUSI AIR,Komersial,A0
ATR 72,FLY JAYA,Komersial,A3
B 733,TRIGANA,cargo,B12
B 735,CITILINK,Komersial,B13
B 734,TNI AU,Militer,BASEOPS
A 320,BATIK AIR,Komersial,B1
A 320,BATIK AIR,Komersial,B7
A 320,BATIK AIR,Komersial,A1
EMB 135,KARISMA,CHARTER,B3
ATR 72,CITILINK,Komersial,B2
A 320,BATIK AIR,Komersial,A3
A 320,BATIK AIR,Komersial,B1
EMB 135,KARISMA,CHARTER,SA15
A 320,BATIK AIR,Komersial,A2
ATR 72,PELITA,Komersial,A1
B 735,CITILINK,Komersial,SA18
G VI,BIOMANTARA,CHARTER,B7
B 733,JAYAWIJAYA,cargo,B13
A 320,BATIK AIR,Komersial,A3
BBJ 2,PTN,CHARTER,BASEOPS
ATR 72,FLY JAYA,Komersial,B2
B 733,AIRNESIA,cargo,SA07
A 320,BATIK AIR,Komersial,A2
A 320,CITILINK,Komersial,B1
EMB 135,B.G.S,CHARTER,B4
ATR 72,PELITA,Komersial,SA19
A 320,BATIK AIR,Komersial,A1
G IV,JIP,CHARTER,B3
HK 850,KARISMA,CHARTER,B5
A 320,CITILINK,Komersial,A2
ATR 72,CITILINK,Komersial,B6
GLEX,BIOMANTARA,CHARTER,B3
B 738,POLICE,CHARTER,B5
EMB 135,KARISMA,CHARTER,B4
A 320,BATIK AIR,Komersial,B2
HK 850,KARISMA,CHARTER,NSA15
B 733,TRIGANA,cargo,B12
A 320,BATIK AIR,Komersial,B7
G IV,KARISMA,CHARTER,SA09
EMB 135,IAT,CHARTER,B6
G IV,JETSET,CHARTER,B5
EMB 135,KARISMA,CHARTER,SA20
ATR 72,CITILINK,Komersial,B10
B 738,GARUDA,Komersial,B2
GLEX,BIOMANTARA,CHARTER,SA21
A 320,BATIK AIR,Komersial,A2
A 320,BATIK AIR,Komersial,A3
A 320,BATIK AIR,Komersial,B1
BBJ,PTN,CHARTER,B6
B 734,B. B. N.,CHARTER,B11
G IV,JETSET,CHARTER,SA22
EMB 135,B.G.S,CHARTER,SA23
A 320,BATIK AIR,Komersial,B8
BBJ,PTN,CHARTER,SA04
A 320,CITILINK,Komersial,B1
A 320,BATIK AIR,Komersial,B3
ATR 72,TAS,CHARTER,B4
A 320,BATIK AIR,Komersial,A3
A 320,BATIK AIR,Komersial,A2
A 320,BATIK AIR,Komersial,A1
A 320,BATIK AIR,Komersial,SA01
B 738,GARUDA,Komersial,B2
B 733,TRIGANA,cargo,SA23
B 733,TRI MG,cargo,B11
G 500,KARISMA,CHARTER,B4
A 320,BATIK AIR,Komersial,B3
C 208,SUSI AIR,Komersial,A0
B 733,AIRNESIA,cargo,B11
ATR 72,FLY JAYA,Komersial,B2
A 320,BATIK AIR,Komersial,A3
A 320,BATIK AIR,Komersial,B1
B 734,B. B. N.,CHARTER,B12
A 320,BATIK AIR,Komersial,B8
G IV,JIP,CHARTER,B3
BELL 407,AIR PASIFIC,CHARTER,B6
A 320,BATIK AIR,Komersial,B7
B 733,JAYAWIJAYA,cargo,SA24
A 320,BATIK AIR,Komersial,A3
B 733,TRIGANA,cargo,B11
B 735,CITILINK,Komersial,B13
G IV,PTN,CHARTER,B7
A 320,BATIK AIR,Komersial,A2
A 320,CITILINK,Komersial,B1
B 738,GARUDA,Komersial,B2
A 320,BATIK AIR,Komersial,A3
ATR 72,FLY JAYA,Komersial,B3
A 320,BATIK AIR,Komersial,A1
BELL 407,AIR PASIFIC,CHARTER,B6
A 320,BATIK AIR,Komersial,B7
A 320,BATIK AIR,Komersial,A2
B 734,B. B. N.,CHARTER,SA17
G IV,PTN,CHARTER,SA08
HK 850,KARISMA,CHARTER,B6
A 320,BATIK AIR,Komersial,B1
A 320,BATIK AIR,Komersial,B4
A 320,BATIK AIR,Komersial,A2
ATR 72,FLY JAYA,Komersial,B4
A 320,BATIK AIR,Komersial,A3
B 733,TRIGANA,cargo,B12
A 320,CITILINK,Komersial,B1
ATR 72,TAS,CHARTER,A1
B 733,AIRNESIA,cargo,B13
A 320,BATIK AIR,Komersial,A2
EMB 135,PTN,CHARTER,B5
A 320,BATIK AIR,Komersial,B8
A 320,BATIK AIR,Komersial,A3
B 738,GARUDA,Komersial,B2
B 735,CITILINK,Komersial,B11
A 320,CITILINK,Komersial,B3
A 320,BATIK AIR,Komersial,B6
A 320,BATIK AIR,Komersial,B1
B 733,TRIGANA,cargo,B12
A 320,BATIK AIR,Komersial,B7
A 320,BATIK AIR,Komersial,A2
ATR 72,TAS,CHARTER,SA06
B 733,TRIGANA,cargo,B10
A 320,CITILINK,Komersial,B1
A 320,BATIK AIR,Komersial,B9
A 320,BATIK AIR,Komersial,A2
B 734,B. B. N.,CHARTER,B11
EMB 135,KARISMA,CHARTER,RE01
HK 850,KARISMA,CHARTER,B4
B 738,GARUDA,Komersial,B2
A 320,BATIK AIR,Komersial,A3
EMB 135,KARISMA,CHARTER,RE02
A 320,BATIK AIR,Komersial,SA01
HK 850,KARISMA,CHARTER,NSA15
ATR 72,PELITA,Komersial,A1
B 735,CITILINK,Komersial,B11
B 733,TRIGANA,cargo,SA08
A 320,BATIK AIR,Komersial,SA20
C 208,PTN,CHARTER,SA21
CL 850,JETSET,CHARTER,B6
G IV,JETSET,CHARTER,B3
B 733,AIRNESIA,cargo,B12
B 733,TRI MG,cargo,B13
A 320,BATIK AIR,Komersial,A1
G VI,KARISMA,CHARTER,B4
A 320,BATIK AIR,Komersial,A2
C 208,SUSI AIR,Komersial,A0
ATR 72,FLY JAYA,Komersial,B1
AW 139,TRAVIRA,CHARTER,SA17
B 734,B. B. N.,CHARTER,B9
A 320,BATIK AIR,Komersial,A1
A 320,BATIK AIR,Komersial,A3
A 320,BATIK AIR,Komersial,B8
C 208,,CHARTER,SA01
AS 365,GENESA,CHARTER,WR01
HK 800,JETSET,CHARTER,B4
A 320,BATIK AIR,Komersial,A1
A 320,BATIK AIR,Komersial,B5
A 320,BATIK AIR,Komersial,A3
G IV,AFM,CHARTER,RE01
B 733,TRI MG,cargo,B13
ATR 72,FLY JAYA,Komersial,B1
A 320,CITILINK,Komersial,A2
B 738,GARUDA,Komersial,B2
A 320,BATIK AIR,Komersial,A1
A 320,BATIK AIR,Komersial,A3
ATR 72,KARISMA,CHARTER,B7
AW 139,TRAVIRA,CHARTER,SA16
B 735,CITILINK,Komersial,B12
A 320,BATIK AIR,Komersial,B3
A 320,BATIK AIR,Komersial,B1
B 733,TRIGANA,cargo,B11
A 320,BATIK AIR,Komersial,A1
A 320,BATIK AIR,Komersial,A2
ATR 72,KARISMA,CHARTER,RE03
G 500,JIP,CHARTER,B6
GLEX,BIOMANTARA,CHARTER,RE05
A 320,BATIK AIR,Komersial,B1
A 320,BATIK AIR,Komersial,A3
C 208,SUSI AIR,Komersial,A0
ATR 72,FLY JAYA,Komersial,B1
G 500,JIP,CHARTER,RE04
ATR 42,IAT,CHARTER,B5
A 320,BATIK AIR,Komersial,A1
A 320,CITILINK,Komersial,B1
A 320,BATIK AIR,Komersial,A2
C 208,AMM,CHARTER,B4
G 7500,PREMI,CHARTER,B3
A 320,BATIK AIR,Komersial,B7
B 738,GARUDA,Komersial,B2
A 320,CITILINK,Komersial,B1
ATR 72,PELITA,Komersial,A1
A 320,BATIK AIR,Komersial,A3
C 208,AMM,CHARTER,NSA16
A 320,BATIK AIR,Komersial,A2
B 733,TRIGANA,cargo,B12
AW 139,TRAVIRA,CHARTER,SA01
A 320,BATIK AIR,Komersial,B1
A 320,BATIK AIR,Komersial,B8
B 735,CITILINK,Komersial,B11
A 320,BATIK AIR,Komersial,B2
AW 139,TRAVIRA,CHARTER,SA01
A 320,BATIK AIR,Komersial,A2
A 320,BATIK AIR,Komersial,B9
B 734,B. B. N.,CHARTER,B10
A 320,BATIK AIR,Komersial,B7
B 738,GARUDA,Komersial,B2
G IV,AFM,CHARTER,B5
EMB 135,PREMI,CHARTER,B3
A 320,BATIK AIR,Komersial,A3
A 320,CITILINK,Komersial,B1
B 733,TRIGANA,cargo,B13
A 320,BATIK AIR,Komersial,SA01
A 320,BATIK AIR,Komersial,SA05
A 320,BATIK AIR,Komersial,SA08
A 320,BATIK AIR,Komersial,A3
EMB 135,KARISMA,CHARTER,B5
B 733,TRIGANA,cargo,B9
B 733,TRI MG,cargo,B12
A 320,BATIK AIR,Komersial,A2
G 500,JIP,CHARTER,B4
AVANTI,SUSI AIR,Komersial,A0
A 320,BATIK AIR,Komersial,A1
A 320,BATIK AIR,Komersial,A3
PH 300,PURAWISATA,CHARTER,B6
C 208,SUSI AIR,Komersial,A1
ATR 72,FLY JAYA,Komersial,B1
B 738,POLICE,CHARTER,B5
A 320,BATIK AIR,Komersial,A2
A 320,BATIK AIR,Komersial,B9
AW 169,KARISMA,CHARTER,B10
A 320,BATIK AIR,Komersial,A3
ATR 72,KARISMA,CHARTER,B12
G IV,JIP,CHARTER,B3
ATR 42,IAT,CHARTER,B4
CL 605,AFM,CHARTER,B2
B 735,CITILINK,Komersial,B11
A 320,BATIK AIR,Komersial,A2
A 320,BATIK AIR,Komersial,A1
B 733,TRIGANA,cargo,B13
A 320,CITILINK,Komersial,B1
GLEX,KARISMA,CHARTER,B5
A 320,CITILINK,Komersial,A2
B 738,GARUDA,Komersial,B1
B 733,TRIGANA,cargo,B12
ATR 72,FLY JAYA,Komersial,A3
G IV,JIP,CHARTER,SA05
CL 605,AFM,CHARTER,SA01
A 320,BATIK AIR,Komersial,A1
A 320,BATIK AIR,Komersial,B7
B 733,JAYAWIJAYA,cargo,B10
A 320,BATIK AIR,Komersial,A3
AVANTI,SUSI AIR,Komersial,B6
GLEX,PTN,CHARTER,B2
EMB 135,KARISMA,CHARTER,B4
G VI,KARISMA,CHARTER,B6
G VII,KARISMA,CHARTER,B7
A 320,BATIK AIR,Komersial,A1
A 320,BATIK AIR,Komersial,A2
AVANTI,SUSI AIR,Komersial,A0
A 320,CITILINK,Komersial,B1
B 734,B. B. N.,CHARTER,B13
A 320,BATIK AIR,Komersial,A3
A 320,BATIK AIR,Komersial,A1
BBJ,JIP,CHARTER,B3
A 320,BATIK AIR,Komersial,A2
ATR 72,FLY JAYA,Komersial,B1
A 330,GAPURA,CHARTER,SA08
A 320,CITILINK,Komersial,B1
A 320,BATIK AIR,Komersial,A3
B 738,GARUDA,Komersial,B2
A 320,BATIK AIR,Komersial,A2
G IV,JETSET,CHARTER,B7
EMB 135,KARISMA,CHARTER,B4
BBJ,PTN,CHARTER,B9
BBJ,JIP,CHARTER,SA04
A 320,BATIK AIR,Komersial,A3
A 320,CITILINK,Komersial,B1
B 735,CITILINK,Komersial,B12
A 320,BATIK AIR,Komersial,A2
G IV,JETSET,CHARTER,RE02
BBJ,PTN,CHARTER,B9
EMB 135,KARISMA,CHARTER,RE04
ATR 72,CITILINK,Komersial,RE03
ATR 72,PELITA,Komersial,A1
G VII,KARISMA,CHARTER,SA03
B 733,JAYAWIJAYA,cargo,B11
A 320,BATIK AIR,Komersial,A3
B 733,TRIGANA,cargo,B10
A 320,BATIK AIR,Komersial,A2
KING AIR,AFM,CHARTER,NSA12
A 320,BATIK AIR,Komersial,B1
ATR 42,IAT,CHARTER,SA07
A 320,BATIK AIR,Komersial,B8
CL 850,JETSET,CHARTER,B7
AW 169,KARISMA,CHARTER,B5
CL 850,JETSET,CHARTER,RE05
B 738,POLICE,CHARTER,B5
A 320,BATIK AIR,Komersial,B7
A 320,BATIK AIR,Komersial,B9
A 320,CITILINK,Komersial,A3
B 733,TRIGANA,cargo,B13
A 320,BATIK AIR,Komersial,B1
A 320,BATIK AIR,Komersial,B6
G IV,JIP,CHARTER,B4
G 500,JIP,CHARTER,B5
B 738,GARUDA,Komersial,B2
A 320,BATIK AIR,Komersial,SA05
A 320,BATIK AIR,Komersial,SA09
GLEX,BIOMANTARA,CHARTER,RE06
EMB 135,KARISMA,CHARTER,B3
B 733,TRI MG,cargo,B8
B 733,JAYAWIJAYA,cargo,B11
A 320,BATIK AIR,Komersial,A2
A 320,BATIK AIR,Komersial,A1
A 320,BATIK AIR,Komersial,B1
ATR 72,FLY JAYA,Komersial,B2
C 208,SUSI AIR,Komersial,A0
B 734,B. B. N.,CHARTER,B10
G VII,KARISMA,CHARTER,B4
A 320,BATIK AIR,Komersial,A3
A 320,BATIK AIR,Komersial,A2
AW 169,KARISMA,CHARTER,B7
A 320,BATIK AIR,Komersial,B8
G IV,AFM,CHARTER,B5
A 320,BATIK AIR,Komersial,B2
EMB 135,KARISMA,CHARTER,B4
G IV,JETSET,CHARTER,B3
ATR 72,CITILINK,Komersial,B7
B 733,TRIGANA,cargo,B12
A 320,BATIK AIR,Komersial,A3
A 320,BATIK AIR,Komersial,A2
B 735,CITILINK,Komersial,B11
CL 850,JETSET,CHARTER,B8
B 733,TRIGANA,cargo,B10
ATR 72,FLY JAYA,Komersial,A3
A 320,CITILINK,Komersial,B1
B 738,GARUDA,Komersial,B2
A 320,BATIK AIR,Komersial,A2
C 208,SUSI AIR,Komersial,A0
A 320,BATIK AIR,Komersial,SA09
A 320,BATIK AIR,Komersial,A1
ATR 72,CITILINK,Komersial,A3
A 320,BATIK AIR,Komersial,B3
B 734,B. B. N.,CHARTER,B12
A 320,BATIK AIR,Komersial,A2
A 320,BATIK AIR,Komersial,B1
A 320,BATIK AIR,Komersial,A1
EMB 135,KARISMA,CHARTER,B4
A 320,BATIK AIR,Komersial,B7
ATR 42,IAT,CHARTER,B2
EMB 135,KARISMA,CHARTER,SA05
B 733,JAYAWIJAYA,cargo,B13
B 733,AIRNESIA,cargo,B11
GLEX,AFM,CHARTER,B4
KING AIR,AFM,CHARTER,B8
EMB 135,PREMI,CHARTER,B3
ATR 72,FLY JAYA,Komersial,A3
ATR 72,PELITA,Komersial,A1
A 320,CITILINK,Komersial,B2
A 320,BATIK AIR,Komersial,B1
A 320,BATIK AIR,Komersial,A2
A 320,BATIK AIR,Komersial,B7
KING AIR,AFM,CHARTER,NSA12
ATR 72,CITILINK,Komersial,A2
B 738,GARUDA,Komersial,A3
A 320,BATIK AIR,Komersial,B8
B 735,CITILINK,Komersial,B12
G VII,KARISMA,CHARTER,B3
A 320,BATIK AIR,Komersial,B1
A 320,BATIK AIR,Komersial,B3
A 320,CITILINK,Komersial,B2
G VII,KARISMA,CHARTER,SA12
B 733,TRIGANA,cargo,B10
A 320,BATIK AIR,Komersial,A3
A 320,BATIK AIR,Komersial,B1
A 320,BATIK AIR,Komersial,B2
B 733,TRIGANA,cargo,B10
CL 850,JETSET,CHARTER,B6
G IV,JIP,CHARTER,B4
B 733,TRIGANA,cargo,SA08
A 320,BATIK AIR,Komersial,B8
A 320,CITILINK,Komersial,B1
B 734,B. B. N.,CHARTER,B9
A 320,BATIK AIR,Komersial,B7
A 320,BATIK AIR,Komersial,A3
A 320,BATIK AIR,Komersial,B6
A 320,BATIK AIR,Komersial,B5
B 738,GARUDA,Komersial,B2
GLEX,BIOMANTARA,CHARTER,RE02
CL 850,JETSET,CHARTER,SA03
G IV,JIP,CHARTER,SA07
A 320,BATIK AIR,Komersial,SA14
A 320,BATIK AIR,Komersial,SA15
A 320,BATIK AIR,Komersial,B8
ATR 72,TAS,CHARTER,B3
B 733,AIRNESIA,cargo,B11
B 733,TRI MG,cargo,B10
CT 680,JIP,CHARTER,B6
A 320,BATIK AIR,Komersial,A1
A 320,BATIK AIR,Komersial,B7
ATR 72,FLY JAYA,Komersial,B1
C 208,SUSI AIR,Komersial,A0
A 320,BATIK AIR,Komersial,B2
A 320,BATIK AIR,Komersial,A3
A 320,BATIK AIR,Komersial,A1
C 208,B.G.S,CHARTER,B4
A 320,BATIK AIR,Komersial,B1
B 735,CITILINK,Komersial,B12
A 320,BATIK AIR,Komersial,A3
EMB 135,KARISMA,CHARTER,B10
EMB 135,B.G.S,CHARTER,RE03
A 320,BATIK AIR,Komersial,B3
B 733,TRIGANA,cargo,B13
ATR 72,FLY JAYA,Komersial,B1
C 208,SUSI AIR,Komersial,B2
C 172,GENESA,CHARTER,SA12
A 320,BATIK AIR,Komersial,A1
A 320,CITILINK,Komersial,B5
B 738,GARUDA,Komersial,B4
A 320,BATIK AIR,Komersial,A3
L 1000,PREMI,CHARTER,B2
PH 300,PURAWISATA,CHARTER,B3
A 320,BATIK AIR,Komersial,B1
G VI,KARISMA,CHARTER,B7
A 320,BATIK AIR,Komersial,A3
A 320,BATIK AIR,Komersial,A1
EMB 135,KARISMA,CHARTER,RE01
A 320,BATIK AIR,Komersial,B1
B 733,TRIGANA,cargo,B12
B 733,JAYAWIJAYA,cargo,B11
G VI,KARISMA,CHARTER,B4
A 320,BATIK AIR,Komersial,B3
GLEX,KARISMA,CHARTER,B5
ATR 72,FLY JAYA,Komersial,B2
A 320,BATIK AIR,Komersial,A1
A 320,BATIK AIR,Komersial,A3
A 320,CITILINK,Komersial,B1
GLEX,KARISMA,CHARTER,RE04
A 320,BATIK AIR,Komersial,B7
B 738,GARUDA,Komersial,B2
B 733,JAYAWIJAYA,cargo,SA07
B 735,CITILINK,Komersial,B12
A 320,CITILINK,Komersial,B1
ATR 72,TAS,CHARTER,A3
ATR 72,PELITA,Komersial,A2
A 320,BATIK AIR,Komersial,B6
C 208,SUSI AIR,Komersial,A0
B 734,B. B. N.,CHARTER,B11
A 320,BATIK AIR,Komersial,B1
G IV,AFM,CHARTER,B5
ATR 72,CITILINK,Komersial,A1
A 320,BATIK AIR,Komersial,B8
A 320,BATIK AIR,Komersial,B2
A 320,BATIK AIR,Komersial,B9
B 734,B. B. N.,CHARTER,SA09
ATR 42,IAT,CHARTER,B1
B 733,AIRNESIA,cargo,B11
A 320,BATIK AIR,Komersial,B7
A 320,BATIK AIR,Komersial,A3
A 320,CITILINK,Komersial,B2
G IV,AFM,CHARTER,B4
B 735,CITILINK,Komersial,SA12
ATR 72,TAS,CHARTER,RE05
ATR 72,PELITA,Komersial,SA13
EMB 135,PTN,CHARTER,B6
B 738,GARUDA,Komersial,B1
A 320,BATIK AIR,Komersial,A2
B 733,TRIGANA,cargo,B12
A 320,BATIK AIR,Komersial,SA14
ATR 42,IAT,CHARTER,SA15
A 320,BATIK AIR,Komersial,A3
PH 300,PURAWISATA,CHARTER,B7
B 733,AIRNESIA,cargo,B11
CT 700,PTN,CHARTER,B5
EMB 135,AFM,CHARTER,B3
A 320,BATIK AIR,Komersial,B9
A 320,BATIK AIR,Komersial,B7
ATR 72,FLY JAYA,Komersial,B1
A 320,BATIK AIR,Komersial,B2
A 320,BATIK AIR,Komersial,B8
CL 605,AFM,CHARTER,B6
CL 850,JETSET,CHARTER,B5
A 320,BATIK AIR,Komersial,B1
A 320,BATIK AIR,Komersial,A3
A 320,BATIK AIR,Komersial,A2
ATR 72,FLY JAYA,Komersial,B1
A 320,CITILINK,Komersial,B2
B 738,GARUDA,Komersial,B5
A 320,BATIK AIR,Komersial,A2
A 320,BATIK AIR,Komersial,A3
EMB 135,IAT,CHARTER,B3
A 320,BATIK AIR,Komersial,B1
G IV,JETSET,CHARTER,B4
A 320,BATIK AIR,Komersial,A1
L 1000,PREMI,CHARTER,B3
A 320,BATIK AIR,Komersial,B7
B 734,B. B. N.,CHARTER,B13
ATR 72,CITILINK,Komersial,SA14
EMB 135,KARISMA,CHARTER,B4
A 320,BATIK AIR,Komersial,B1
A 320,BATIK AIR,Komersial,A2
B 733,AIRNESIA,cargo,B11
L 1000,PREMI,CHARTER,SA16
B 733,TRIGANA,cargo,B10
A 320,BATIK AIR,Komersial,A1
C 208,SUSI AIR,Komersial,A3
EMB 135,KARISMA,CHARTER,SA17
ATR 72,FLY JAYA,Komersial,B2
G VI,KARISMA,CHARTER,B4
C 208,SUSI AIR,Komersial,A0
CT 700,PTN,CHARTER,B5
A 320,BATIK AIR,Komersial,A2
A 320,CITILINK,Komersial,B1
A 320,BATIK AIR,Komersial,A1
A 320,BATIK AIR,Komersial,A3
B 738,GARUDA,Komersial,B2
EMB 135,IAT,CHARTER,B4
A 320,BATIK AIR,Komersial,A2
G VI,PREMI,CHARTER,B3
A 320,BATIK AIR,Komersial,A3
GLEX,PTN,CHARTER,B3
A 320,BATIK AIR,Komersial,A2
A 320,BATIK AIR,Komersial,A3
A 320,BATIK AIR,Komersial,B7
G V,AFM,CHARTER,B5
A 320,CITILINK,Komersial,B1
EMB 135,AFM,CHARTER,B6
A 320,BATIK AIR,Komersial,A1
A 320,BATIK AIR,Komersial,A3
GLEX,PTN,CHARTER,SA03
EMB 135,AFM,CHARTER,SA09
A 320,CITILINK,Komersial,B1
CL 850,JETSET,CHARTER,B6
G VI,PREMI,CHARTER,B4
G IV,AFM,CHARTER,B5
A 320,BATIK AIR,Komersial,B8
B 734,B. B. N.,CHARTER,B13
B 733,TRIGANA,cargo,B12
B 738,GARUDA,Komersial,B2
A 320,BATIK AIR,Komersial,B9
A 320,BATIK AIR,Komersial,SA01
CL 850,JETSET,CHARTER,RE06
ATR 72,CITILINK,Komersial,B6
B 735,CITILINK,Komersial,B10
ATR 72,PELITA,Komersial,A2
G IV,AFM,CHARTER,RE07
G 7500,PREMI,CHARTER,B3
G VII,KARISMA,CHARTER,B7
A 320,BATIK AIR,Komersial,SA12
B 733,TRIGANA,cargo,SA11
A 320,CITILINK,Komersial,B1
B 734,B. B. N.,CHARTER,SA15
B 733,TRIGANA,cargo,B13
B 733,AIRNESIA,cargo,B12
A 320,BATIK AIR,Komersial,A2
B 738,POLICE,CHARTER,B5
A 320,BATIK AIR,Komersial,A1
A 320,BATIK AIR,Komersial,B9
ATR 72,FLY JAYA,Komersial,B2
GLEX,PREMI,CHARTER,B3
B 734,TNI AU,Militer,BASEOPS
A 320,BATIK AIR,Komersial,A2
A 320,BATIK AIR,Komersial,B8
A 320,BATIK AIR,Komersial,A1
ATR 72,CITILINK,Komersial,B2
C 172,GENESA,CHARTER,SA01
C 208,SUSI AIR,Komersial,A0
HK 850,KARISMA,CHARTER,B3
B 733,JAYAWIJAYA,cargo,B11
A 320,BATIK AIR,Komersial,A1
A 320,BATIK AIR,Komersial,A2
GLEX,BGS,CHARTER,B2
ATR 72,FLY JAYA,Komersial,A3
BBJ,JIP,CHARTER,B4
B 735,CITILINK,Komersial,B10
FAL8X,KARISMA,CHARTER,B6
B 738,GARUDA,Komersial,B1
A 320,CITILINK,Komersial,A1
A 320,BATIK AIR,Komersial,B9
A 320,BATIK AIR,Komersial,A2
LJ 55,AMM,CHARTER,B7
GLEX,BGS,CHARTER,SA07
FAL8X,KARISMA,CHARTER,SA12
A 320,BATIK AIR,Komersial,A3
GLEX,PREMI,CHARTER,B3
HK 800,JETSET,CHARTER,B5
A 320,BATIK AIR,Komersial,B8
A 320,BATIK AIR,Komersial,A1
ATR 72,CITILINK,Komersial,B1
A 320,BATIK AIR,Komersial,A2
A 320,BATIK AIR,Komersial,A3
ATR 72,PELITA,Komersial,A1
B 735,CITILINK,Komersial,SA16
EMB 135,AFM,CHARTER,B3
GLEX,PREMI,CHARTER,SA17
ATR 72,FLY JAYA,Komersial,B1
A 320,BATIK AIR,Komersial,A3
AVANTI,GAPURA,CHARTER,B4
KING AIR,AFM,CHARTER,NSA14
A 320,BATIK AIR,Komersial,B6
EMB 135,AFM,CHARTER,SA18
A 320,CITILINK,Komersial,B1
A 320,BATIK AIR,Komersial,A2
B 738,GARUDA,Komersial,B2
AVANTI,GAPURA,CHARTER,NSA11
G IV,AFM,CHARTER,B3
ATR 72,PELITA,Komersial,RW01
A 320,CITILINK,Komersial,B1
A 320,BATIK AIR,Komersial,B8
B 733,JAYAWIJAYA,cargo,B13
A 320,BATIK AIR,Komersial,A1
ATR 72,CITILINK,Komersial,A3
G IV,AFM,CHARTER,SA01
B 734,B. B. N.,CHARTER,B12
B 734,TNI AU,Militer,BASEOPS
A 320,BATIK AIR,Komersial,B2
A 320,BATIK AIR,Komersial,A2
G V,AFM,CHARTER,B3
A 320,BATIK AIR,Komersial,B4
A 320,BATIK AIR,Komersial,B8
A 321,PREMI,CHARTER,BASEOPS
G 500,JIP,CHARTER,B5
G V,AFM,CHARTER,RW02
A 320,CITILINK,Komersial,B1
A 320,BATIK AIR,Komersial,B7
B 733,TRIGANA,cargo,B11
GLEX,PREMI,CHARTER,B3
A 320,BATIK AIR,Komersial,B6
B 738,GARUDA,Komersial,B2
G IV,AFM,CHARTER,B4
B 733,AIRNESIA,cargo,B10
A 321,PREMI,CHARTER,SA04
A 320,BATIK AIR,Komersial,B9
A 320,BATIK AIR,Komersial,A2
G IV,JIP,CHARTER,B4
A 320,BATIK AIR,Komersial,SA06
G VI,JIP,CHARTER,B3
ATR 72,TAS,CHARTER,A1
B 738,POLICE,CHARTER,B5
LJ 55,B. G. S.,CHARTER,B6
LJ 55,B. G. S.,CHARTER,NSA12
A 320,BATIK AIR,Komersial,SA09
A 320,BATIK AIR,Komersial,B9
ATR 42,IAT,CHARTER,SA18
B 733,TRI MG,cargo,B12
G IV,JETSET,CHARTER,B5
A 320,BATIK AIR,Komersial,A2
A 320,BATIK AIR,Komersial,A1
ATR 72,FLY JAYA,Komersial,B2
C 208,SUSI AIR,Komersial,A0
A 320,BATIK AIR,Komersial,A2
A 320,BATIK AIR,Komersial,B7
A 320,BATIK AIR,Komersial,A3
CL 850,JETSET,CHARTER,B5
ATR 42,IAT,CHARTER,B4
B 734,B. B. N.,CHARTER,B12
ATR 72,CITILINK,Komersial,B1
AW 139,PREMI,CHARTER,SA16
B 735,CITILINK,Komersial,B10
A 320,BATIK AIR,Komersial,A1
G IV,AFM,CHARTER,B8
A 320,BATIK AIR,Komersial,A2
ATR 72,FLY JAYA,Komersial,B1
C 208,SUSI AIR,Komersial,A0
A 320,CITILINK,Komersial,B1
B 738,GARUDA,Komersial,B2
A 320,BATIK AIR,Komersial,B7
HK 800,JETSET,CHARTER,B5
A 320,BATIK AIR,Komersial,A1
A 320,BATIK AIR,Komersial,A2
A 320,BATIK AIR,Komersial,A3
ATR 72,CITILINK,Komersial,B1
A 320,BATIK AIR,Komersial,A1
G IV,JETSET,CHARTER,B5
HK 800,JETSET,CHARTER,NSA14
A 320,BATIK AIR,Komersial,A2
A 320,BATIK AIR,Komersial,A3
GLEX,BGS,CHARTER,B4
CL 850,JETSET,CHARTER,B8
G VI,PREMI,CHARTER,B3
FAL8X,KARISMA,CHARTER,B7
A 320,BATIK AIR,Komersial,B1
B 733,AIRNESIA,cargo,B11
A 321,PREMI,CHARTER,BASEOPS
AW 139,PREMI,CHARTER,SA06
CL 850,PREMI,CHARTER,RW03
A 320,BATIK AIR,Komersial,A2
A 320,CITILINK,Komersial,B1
G VI,PREMI,CHARTER,SA06
A 320,BATIK AIR,Komersial,B8
A 320,BATIK AIR,Komersial,A3
B 738,PREMI,CHARTER,B2
B 733,TRIGANA,cargo,B13
B 735,CITILINK,Komersial,B11
ATR 72,CITILINK,Komersial,A1
A 320,BATIK AIR,Komersial,B7
A 320,CITILINK,Komersial,B3
ATR 72,TAS,CHARTER,A2
EMB 135,AFM,CHARTER,RW04
G IV,AFM,CHARTER,B4
A 320,BATIK AIR,Komersial,B1
A 320,BATIK AIR,Komersial,B9
A 320,BATIK AIR,Komersial,B2
GLEX,PTN,CHARTER,RE10
G IV,AFM,CHARTER,RW06
ATR 42,IAT,CHARTER,A3
ATR 72,TAS,CHARTER,RW05
A 320,BATIK AIR,Komersial,A2
ATR 42,IAT,CHARTER,RW07
A 320,BATIK AIR,Komersial,B8
A 320,BATIK AIR,Komersial,B7
G IV,JIP,CHARTER,B4
B 738,GARUDA,Komersial,B2
A 320,CITILINK,Komersial,B1
EMB 135,IAT,CHARTER,B6
EMB 135,KARISMA,CHARTER,SA01
G IV,JIP,CHARTER,B10
A 320,BATIK AIR,Komersial,B8
EMB 135,,CHARTER,B4
A 320,BATIK AIR,Komersial,SA05
A 320,BATIK AIR,Komersial,SA03
ATR 72,PELITA,Komersial,A3
CL 850,JETSET,CHARTER,B5
B 733,TRI MG,cargo,B9
A 320,BATIK AIR,Komersial,A3
A 320,BATIK AIR,Komersial,A1
G VI,PREMI,CHARTER,B3
B 734,TNI AU,Militer,BASE OPS
ATR 72,FLY JAYA,Komersial,B2
A 320,BATIK AIR,Komersial,B7
A 320,BATIK AIR,Komersial,B6
C 208,SUSI AIR,Komersial,B1
A 320,BATIK AIR,Komersial,A2
AW 139,PREMI,CHARTER,SA03
B 733,JAYAWIJAYA,cargo,B9
ATR 72,CITILINK,Komersial,B1
EMB 135,KARISMA,CHARTER,B4
EMB 135,IAT,CHARTER,B6
A 320,BATIK AIR,Komersial,A2
HK 900,KARISMA,CHARTER,NSA15
A 320,BATIK AIR,Komersial,A1
A 320,CITILINK,Komersial,B2
B 738,GARUDA,Komersial,B1
ATR 72,FLY JAYA,Komersial,B1
GLEX,BIOMANTARA,CHARTER,B4
EMB 135,KARISMA,CHARTER,RW01
AS350,AIRFAST,CHARTER,SA03
B 733,TRIGANA,cargo,B11
A 320,BATIK AIR,Komersial,A3
A 320,BATIK AIR,Komersial,A2
AS350,AIRFAST,CHARTER,SA03
B 733,AIRNESIA,cargo,B8
A 320,BATIK AIR,Komersial,A1
A 320,BATIK AIR,Komersial,B6
C 208,SUSI AIR,Komersial,A0
A 320,BATIK AIR,Komersial,B7
GLEX,BIOMANTARA,CHARTER,RE05
AVANTI,GAPURA,CHARTER,B3
ATR 72,CITILINK,Komersial,B5
A 320,BATIK AIR,Komersial,A3
EMB 135,IAT,CHARTER,B4
A 320,BATIK AIR,Komersial,B1
GLEX,PREMI,CHARTER,A1
EMB 135,PREMI,CHARTER,A1
B 735,CITILINK,Komersial,B9
A 320,BATIK AIR,Komersial,B1
L 1000,PREMI,CHARTER,A1
GLEX,BIOMANTARA,CHARTER,B7
A 320,BATIK AIR,Komersial,A2
AW 139,PREMI,CHARTER,SA06
A 320,CITILINK,Komersial,B1
A 320,BATIK AIR,Komersial,A3
G IV,PTN,CHARTER,B8
B 738,GARUDA,Komersial,B2
EMB 135,AFM,CHARTER,RE06
ATR 72,CITILINK,Komersial,B1
A 320,CITILINK,Komersial,B5
AW 139,PREMI,CHARTER,NSA11
A 320,BATIK AIR,Komersial,A3
B 734,TNI AU,Militer,BASEOPS
ATR 72,PELITA,Komersial,A2
A 320,BATIK AIR,Komersial,B3
AW 169,KARISMA,CHARTER,B6
A 320,BATIK AIR,Komersial,B2
A 320,BATIK AIR,Komersial,B1
A 320,BATIK AIR,Komersial,B6
ATR 72,PELITA,Komersial,RW03
A 320,BATIK AIR,Komersial,B7
A 320,BATIK AIR,Komersial,B8
A 320,BATIK AIR,Komersial,B1
EMB 135,PTN,CHARTER,RW04
A 320,CITILINK,Komersial,A3
ATR 72,CITILINK,Komersial,A2
A 320,BATIK AIR,Komersial,B11
B 738,GARUDA,Komersial,B2
A 320,BATIK AIR,Komersial,B10
G 500,JIP,CHARTER,B5
G IV,JIP,CHARTER,RE02
ATR 72,TAS,CHARTER,B3
HK 800,JETSET,CHARTER,B5
B 733,TRI MG,cargo,B13
A 320,BATIK AIR,Komersial,A2
B 734,B. B. N.,CHARTER,B12
BELL 412,TRANSWISATA,CHARTER,B6
AW 109,TRANSWISATA,CHARTER,B7
G VI,PREMI,CHARTER,B3
ATR 72,FLY JAYA,Komersial,B2
A 320,BATIK AIR,Komersial,A2
A 320,BATIK AIR,Komersial,A3
C 208,SUSI AIR,Komersial,A0
B 733,AIRNESIA,cargo,B8
ATR 72,CITILINK,Komersial,B2
LJ 55,B.G.S,CHARTER,B13
A 320,BATIK AIR,Komersial,B1
AS 350,GENESA,CHARTER,SA01
B 733,TRIGANA,cargo,B7
GLEX,KARISMA,CHARTER,B6
G VI,AFM,CHARTER,B3
A 320,BATIK AIR,Komersial,A2
A 320,BATIK AIR,Komersial,B7
ATR 72,FLY JAYA,Komersial,B2
B 733,TRIGANA,cargo,B10
G VI,AFM,CHARTER,RE03
G IV,AFM,CHARTER,B4
A 320,BATIK AIR,Komersial,A3
B 733,TRIGANA,cargo,B9
A 320,BATIK AIR,Komersial,B8
A 320,CITILINK,Komersial,B1
B 738,GARUDA,Komersial,B2
B 733,JAYAWIJAYA,cargo,B11
CT 700,KARISMA,CHARTER,B5
HK 800,JETSET,CHARTER,B3
A 320,BATIK AIR,Komersial,B7
A 320,BATIK AIR,Komersial,B11
ATR 72,CITILINK,Komersial,A2
AW 109,TRANSWISATA,CHARTER,WR01
ATR 42,IAT,CHARTER,B6
CL 850,JETSET,CHARTER,B5
G IV,JETSET,CHARTER,B3
A 320,BATIK AIR,Komersial,A3
BELL 412,TRANSWISATA,CHARTER,SA01
HK 800,JETSET,CHARTER,NSA14
A 320,BATIK AIR,Komersial,B1
B 733,AIRNESIA,cargo,B13
HK 850,KARISMA,CHARTER,B4
B 735,CITILINK,Komersial,B11
AS 350,DERAZONA,CHARTER,WR01
CL 850,JETSET,CHARTER,RW09
A 320,BATIK AIR,Komersial,A2
ATR 72,FLY JAYA,Komersial,B2
G IV,JETSET,CHARTER,RW05
A 320,BATIK AIR,Komersial,B7
AW 139,TRAVIRA,CHARTER,SA01
HK 850,KARISMA,CHARTER,NSA16
A 320,CITILINK,Komersial,A3
A 320,BATIK AIR,Komersial,B1
B 738,GARUDA,Komersial,B2
A 320,CITILINK,Komersial,B6
A 320,BATIK AIR,Komersial,B8
ATR 72,CITILINK,Komersial,A2
A 320,BATIK AIR,Komersial,B9
A 320,BATIK AIR,Komersial,B3
AW 139,PREMI,CHARTER,SA01
EMB 135,AFM,CHARTER,RE07
EMB 135,KARISMA,CHARTER,RW06
KING AIR,AFM,CHARTER,NSA12
A 320,BATIK AIR,Komersial,B1
A 320,BATIK AIR,Komersial,B2
ATR 72,TAS,CHARTER,A3
EMB 135,IAT,CHARTER,B3
A 320,BATIK AIR,Komersial,B7
G 500,JIP,CHARTER,B4
A 320,CITILINK,Komersial,B1
A 320,BATIK AIR,Komersial,B8
G IV,PTN,CHARTER,B6
A 320,BATIK AIR,Komersial,B9
EMB 135,IAT,CHARTER,RW07
A 320,BATIK AIR,Komersial,B9
A 320,BATIK AIR,Komersial,B8
A 320,BATIK AIR,Komersial,A3
G IV,PTN,CHARTER,A1
ATR 72,TAS,CHARTER,RW08
LJ 55,B.G.S,CHARTER,B4
B 738,GARUDA,Komersial,B2
LJ 55,BGS,CHARTER,NSA13
G VI,KARISMA,CHARTER,A1
A 320,BATIK AIR,Komersial,A3
GLEX,JAS,CHARTER,B4
A 320,BATIK AIR,Komersial,SA02
ATR 72,TRAVIRA,CHARTER,B6
B 733,TRI MG,cargo,B13
B 733,AIRNESIA,cargo,B12
CL 850,JETSET,CHARTER,B5
A 320,BATIK AIR,Komersial,B9
A 320,BATIK AIR,Komersial,B3
A 320,BATIK AIR,Komersial,B8
G VI,KARISMA,CHARTER,B7
B 734,B. B. N.,cargo,B11
B 733,TRIGANA,cargo,B9
B 733,TRIGANA,cargo,B13
A 320,BATIK AIR,Komersial,B4
C 208,SUSI AIR,Komersial,A0
A 320,BATIK AIR,Komersial,B7
ATR 72,CITILINK,Komersial,B2
A 320,CITILINK,Komersial,B1
G V,KARISMA,CHARTER,B5
B 733,TRIGANA,cargo,B12
A 320,CITILINK,Komersial,B2
A 320,BATIK AIR,Komersial,A3
A 320,BATIK AIR,Komersial,A2
A 320,CITILINK,Komersial,B1
B 738,GARUDA,Komersial,B2
C 208,SUSI AIR,Komersial,A0
A 320,BATIK AIR,Komersial,A1
A 320,BATIK AIR,Komersial,A3
ATR 42,IAT,CHARTER,B6
A 320,BATIK AIR,Komersial,B5
ATR 72,CITILINK,Komersial,B1
A 320,BATIK AIR,Komersial,A2
A 320,BATIK AIR,Komersial,B6
B 733,AIRNESIA,cargo,B11
A 320,BATIK AIR,Komersial,A1
B 733,TRIGANA,cargo,B12
A 320,CITILINK,Komersial,B2
BBJ,JIP,CHARTER,B4
EMB 135,KARISMA,CHARTER,B7
A 320,CITILINK,Komersial,B1
B 733,TRIGANA,cargo,B13
A 320,BATIK AIR,Komersial,B9
A 320,BATIK AIR,Komersial,B7
A 320,CITILINK,Komersial,A1
A 320,BATIK AIR,Komersial,B8
B 738,GARUDA,Komersial,B2
ATR 72,CITILINK,Komersial,B6
A 320,BATIK AIR,Komersial,A2
A 320,CITILINK,Komersial,B1
EMB 135,AFM,CHARTER,B4
A 320,BATIK AIR,Komersial,A3
B 733,TRIGANA,cargo,B12
A 320,BATIK AIR,Komersial,B10
A 320,BATIK AIR,Komersial,A3
BBJ,JIP,CHARTER,SA02
ATR 72,PELITA,CHARTER,B1
B 734,B. B. N.,cargo,B11
B 738,GARUDA,Komersial,B2
B 733,AIRNESIA,cargo,B10
C 172,GENESA,CHARTER,SA13
EMB 135,AFM,CHARTER,B7
EMB 135,KARISMA,CHARTER,B4
B 733,TRIGANA,cargo,B13
A 320,BATIK AIR,Komersial,B9
A 320,CITILINK,Komersial,B3
A 320,BATIK AIR,Komersial,B5
EMB 135,KARISMA,CHARTER,SA13
C 172,GENESA,CHARTER,SA14
A 320,BATIK AIR,Komersial,SA14
A 320,BATIK AIR,Komersial,SA15
A 320,BATIK AIR,Komersial,SA18
B 733,TRIGANA,cargo,B13
B 733,AIRNESIA,cargo,B10
B 733,TRIGANA,cargo,B9
A 320,BATIK AIR,Komersial,B8
GLEX,PREMI,CHARTER,B3
A 320,BATIK AIR,Komersial,A2
A 320,BATIK AIR,Komersial,B7
A 320,BATIK AIR,Komersial,A1
A 320,BATIK AIR,Komersial,B10
ATR 72,CITILINK,Komersial,B1
B 733,TRIGANA,cargo,B12
G IV,JETSET,CHARTER,B6
A 320,CITILINK,Komersial,B2
G VII,JIP,CHARTER,B4
C 208,SUSI AIR,Komersial,A0
A 320,CITILINK,Komersial,A3
B 738,GARUDA,Komersial,B2
A 320,CITILINK,Komersial,B1
B 733,TRIGANA,cargo,B13
A 320,BATIK AIR,Komersial,A2
CT 680,JIP,CHARTER,B3
EMB 135,IAT,CHARTER,B5
A 320,BATIK AIR,Komersial,A1
B 733,AIRNESIA,cargo,B10
A 320,BATIK AIR,Komersial,A3
A 320,BATIK AIR,Komersial,B8
ATR 72,CITILINK,Komersial,B1
AW 139,PREMI,CHARTER,SA09
A 320,BATIK AIR,Komersial,A2
BBJ,JIP,CHARTER,B3
GLEX,AFM,CHARTER,B6
A 320,CITILINK,Komersial,B2
A 320,BATIK AIR,Komersial,B7
A 320,CITILINK,Komersial,A3
A 320,BATIK AIR,Komersial,B8
G IV,JETSET,CHARTER,B4
ATR 72,PELITA,CHARTER,A1
A 320,BATIK AIR,Komersial,B1
A 320,BATIK AIR,Komersial,A2
B 733,TRIGANA,cargo,B11
GLEX,PREMI,CHARTER,B3
B 738,GARUDA,Komersial,B2
A 320,CITILINK,Komersial,B9
PH 300,PURAWISATA,CHARTER,B6
EMB 135,AFM,CHARTER,B4
A 320,CITILINK,Komersial,A2
ATR 72,CITILINK,Komersial,A3
HK 800,TRI MG,cargo,NSA08
GLEX,PREMI,CHARTER,SA09
CT 680,JIP,CHARTER,B4
B 733,TRIGANA,cargo,B12
A 320,BATIK AIR,Komersial,B7
A 320,BATIK AIR,Komersial,B2
B 734,B. B. N.,cargo,B10
HK 900,KARISMA,CHARTER,B4
A 320,BATIK AIR,Komersial,A2
B 733,AIRNESIA,cargo,B8
B 738,GARUDA,Komersial,B2
A 320,BATIK AIR,Komersial,B3
A 320,BATIK AIR,Komersial,B7
B 733,TRI MG,cargo,B4
G IV,JETSET,CHARTER,SA02
A 320,BATIK AIR,Komersial,B6
A 320,BATIK AIR,Komersial,SA12
A 320,CITILINK,Komersial,B1
A 320,BATIK AIR,Komersial,A2
EMB 135,IAT,CHARTER,B5
B 733,TRI MG,cargo,B11
B 733,AIRNESIA,cargo,B8
B 733,TRIGANA,cargo,A1
EMB 135,KARISMA,CHARTER,B4
AVANTI,SUSI AIR,Komersial,A0
EMB 135,PTN,CHARTER,B5
A 320,BATIK AIR,Komersial,B12
G VI,PREMI,CHARTER,B3
C 208,SUSI AIR,Komersial,A0
A 320,BATIK AIR,Komersial,B5
C 172,PREMI,CHARTER,B13
A 320,BATIK AIR,Komersial,B1
A 320,BATIK AIR,Komersial,A3
G VI,BIOMANTARA,CHARTER,B4
G VI,SUBA AIR,CHARTER,B8
ATR 72,CITILINK,Komersial,B2
EMB 135,PREMI,CHARTER,B13
B 733,TRIGANA,cargo,B11
B 733,TRIGANA,cargo,B10
A 320,BATIK AIR,Komersial,B3
A 320,CITILINK,Komersial,B1
G VI,SUBA AIR,CHARTER,SA13
C 208,SUSI AIR,Komersial,A3
A 320,BATIK AIR,Komersial,A1
B 738,GARUDA,Komersial,B2
A 320,CITILINK,Komersial,B1
EMB 135,KARISMA,CHARTER,B3
EMB 135,PREMI,CHARTER,B8
A 320,BATIK AIR,Komersial,B5
G V,AFM,CHARTER,B4
CT 680,JIP,CHARTER,B6
A 320,BATIK AIR,Komersial,A3
G VI,PREMI,CHARTER,B9
A 320,BATIK AIR,Komersial,A2
ATR 72,CITILINK,Komersial,B1
CT 680,JIP,CHARTER,NSA09
EMB 135,KARISMA,CHARTER,SA16
G 280,AFM,CHARTER,B3
B 734,B. B. N.,cargo,B13
A 320,CITILINK,Komersial,B2
A 320,CITILINK,Komersial,B1
A 320,BATIK AIR,Komersial,B8
B 733,TRIGANA,cargo,B11
A 320,BATIK AIR,Komersial,B9
B 733,AIRNESIA,cargo,B10
BELL 407,AIR PASIFIC,CHARTER,B6
EMB 135,PREMI,CHARTER,B7
A 320,BATIK AIR,Komersial,A1
A 320,BATIK AIR,Komersial,B5
A 320,CITILINK,Komersial,B2
ATR 72,PELITA,CHARTER,A2
B 738,GARUDA,Komersial,B3
ATR 72,CITILINK,Komersial,B1
A 320,BATIK AIR,Komersial,SA18
A 320,BATIK AIR,Komersial,B7
A 320,CITILINK,Komersial,B2
A 320,BATIK AIR,Komersial,B9
A 320,BATIK AIR,Komersial,A3
CL 850,JETSET,CHARTER,B4
B 733,TRIGANA,cargo,B12
B 734,B. B. N.,cargo,SA19
ATR 72,PELITA,CHARTER,SA20
B 733,TRI MG,cargo,B11
CL 850,JETSET,CHARTER,SA21
B 738,GARUDA,Komersial,B5
A 320,BATIK AIR,Komersial,A2
A 320,CITILINK,Komersial,A3
KING AIR,DEPHUB,CHARTER,B6
B 733,AIRNESIA,cargo,B10
B 733,TRIGANA,cargo,B13
A 320,CITILINK,Komersial,B2
PH 300,PURAWISATA,CHARTER,B4
B 733,TRIGANA,cargo,B11
A 320,BATIK AIR,Komersial,SA22
LJ 60,BGS,CHARTER,B4
CT 560,PREMI,CHARTER,B3
B 733,AIRNESIA,cargo,B11
A 320,BATIK AIR,Komersial,A3
A 320,BATIK AIR,Komersial,A1
EMB 135,IAT,CHARTER,B7
KING AIR,TRANSWISATA,CHARTER,B5
GLEX,AFM,CHARTER,B9
A 320,BATIK AIR,Komersial,B1
EMB 135,KARISMA,CHARTER,B3
B 734,B. B. N.,cargo,B13
C 172,GENESA,CHARTER,SA16
A 320,BATIK AIR,Komersial,A2
A 320,BATIK AIR,Komersial,B6
CT 680,JIP,CHARTER,B4
A 320,BATIK AIR,Komersial,A3
ATR 72,CITILINK,Komersial,B2
B 733,TRIGANA,cargo,B10
A 320,CITILINK,Komersial,B1
G V,TRAVIRA,CHARTER,B7
B 733,TRI MG,cargo,B12
B 733,TRIGANA,cargo,B13
A 320,CITILINK,Komersial,B2
C 208,SUSI AIR,Komersial,A0
A 320,BATIK AIR,Komersial,A2
A 320,GAPURA,CHARTER,BASE OPS
A 320,BATIK AIR,Komersial,A1
A 320,BATIK AIR,Komersial,B8
CT 680,JIP,CHARTER,NSA10
CT 560,PREMI,CHARTER,B3
A 320,CITILINK,Komersial,B1
A 320,GAPURA,CHARTER,SA04
EMB 135,AFM,CHARTER,B4
A 320,BATIK AIR,Komersial,B5
B 738,GARUDA,Komersial,B2
A 320,BATIK AIR,Komersial,A2
A 320,BATIK AIR,Komersial,A3
EMB 135,IAT,CHARTER,B4
ATR 72,CITILINK,Komersial,B1
A 320,BATIK AIR,Komersial,A1
A 320,BATIK AIR,Komersial,B7
C 208,SUSI AIR,Komersial,A0
A 320,CITILINK,Komersial,B2
B 733,TRI MG,cargo,SA02
B 733,TRIGANA,cargo,B12
B 734,B. B. N.,cargo,B13
G V,KARISMA,CHARTER,B4
A 320,CITILINK,Komersial,A3
A 320,BATIK AIR,Komersial,B9
A 320,BATIK AIR,Komersial,A2
KING AIR,TRANSWISATA,CHARTER,B1
B 733,AIRNESIA,cargo,B11
G V,TRAVIRA,CHARTER,B8
A 320,CITILINK,Komersial,A1
A 320,BATIK AIR,Komersial,B8
A 320,CITILINK,Komersial,B1
B 738,GARUDA,Komersial,B2
ATR 72,PELITA,CHARTER,B5
LJ 60,AMM,CHARTER,B4
B 734,B. B. N.,cargo,SA13
B 733,TRIGANA,cargo,B11
ATR 72,CITILINK,Komersial,B3
B 733,TRIGANA,cargo,B13
A 320,BATIK AIR,Komersial,B6
A 320,BATIK AIR,Komersial,B4
A 320,BATIK AIR,Komersial,B10
B 733,TRIGANA,cargo,B12
ATR 72,PELITA,CHARTER,A3
B 738,GARUDA,Komersial,B2
A 320,BATIK AIR,Komersial,A2
A 320,BATIK AIR,Komersial,B6
LJ 60,B. G. S.,CHARTER,NSA12
A 320,BATIK AIR,Komersial,B7
A 320,CITILINK,Komersial,B1
B 733,AIRNESIA,cargo,B8
A 320,BATIK AIR,Komersial,A2
A 320,BATIK AIR,Komersial,SA14
EMB 135,IAT,CHARTER,B5
CL 850,JETSET,CHARTER,B4
B 733,TRI MG,cargo,B13
A 320,BATIK AIR,Komersial,SA02
CL 850,JETSET,CHARTER,SA16
CT 680,JIP,CHARTER,B4
HK 850,,,B6
L 1000,PREMI,CHARTER,B9
G VI,PREMI,CHARTER,RE01
LJ 60,B. G. S.,CHARTER,NSA11
G V,PREMI,CHARTER,RE02
B 735,TNI AU,Militer,BASE OPS
B 733,TRIGANA,cargo,B12
A 320,BATIK AIR,Komersial,A3
B 733,TRI MG,cargo,B13
B 733,TRIGANA,cargo,B11
G V,PREMI,CHARTER,B3
G VI,PREMI,CHARTER,B2
A 320,BATIK AIR,Komersial,A1
A 320,BATIK AIR,Komersial,B5
A 320,BATIK AIR,Komersial,A2
G VI,KARISMA,CHARTER,B4
AVANTI,SUSI AIR,Komersial,B8
G 500,KARISMA,CHARTER,B7
C 208,SUSI AIR,Komersial,A0
ATR 72,CITILINK,Komersial,B1
EMB 135,,,B6
CL 850,JETSET,CHARTER,B3
A 320,CITILINK,Komersial,A3
B 733,TRIGANA,cargo,B13
A 320,CITILINK,Komersial,B1
A 320,BATIK AIR,Komersial,A2
A 320,BATIK AIR,Komersial,B7
B 733,TRIGANA,cargo,B11
A 320,CITILINK,Komersial,B1
B 733,AIRNESIA,cargo,B12
A 320,BATIK AIR,Komersial,B8
B 738,GARUDA,Komersial,B4
EMB 135,KARISMA,CHARTER,B3
A 320,BATIK AIR,Komersial,A3
A 320,BATIK AIR,Komersial,A2
A 320,BATIK AIR,Komersial,A1
DHC 6,AIRFAST,CHARTER,SA02
DHC 6,AIRFAST,CHARTER,SA03
ATR 72,CITILINK,Komersial,B2
EMB 135,KARISMA,CHARTER,SA19
A 320,BATIK AIR,Komersial,B1
LJ 60,BGS,CHARTER,B4
A 320,BATIK AIR,Komersial,B8
B 733,TRI MG,cargo,B10
AVANTI,SUSI AIR,Komersial,B6
A 320,CITILINK,Komersial,A1
A 320,CITILINK,Komersial,B1
A 320,BATIK AIR,Komersial,B7
B 733,TRIGANA,cargo,B11
LJ 60,AMM,CHARTER,NSA10
AVANTI,SUSI AIR,Komersial,NSA11
PH 300,PREMI,CHARTER,B3
A 320,CITILINK,Komersial,A2
B 734,B. B. N.,cargo,B13
ATR 72,PELITA,CHARTER,A3
B 738,GARUDA,Komersial,B4
A 320,CITILINK,Komersial,B1
A 320,BATIK AIR,Komersial,B2
A 320,BATIK AIR,Komersial,B8
A 320,BATIK AIR,Komersial,B7
A 320,BATIK AIR,Komersial,B5
B 733,TRI MG,cargo,SA16
G VI,PREMI,CHARTER,B3
ATR 72,CITILINK,Komersial,A1
A 320,BATIK AIR,Komersial,B9
A 320,BATIK AIR,Komersial,B10
A 320,BATIK AIR,Komersial,B9
B 738,GARUDA,Komersial,B6
B 733,TRIGANA,cargo,B13
A 320,BATIK AIR,Komersial,B8
BBJ,JIP,CHARTER,B4
EMB 135,PTN,CHARTER,B5
B 733,TRI MG,cargo,B12
A 320,BATIK AIR,Komersial,SA13
B 733,AIRNESIA,cargo,B7
A 320,CITILINK,Komersial,B1
EMB 135,IAT,CHARTER,B3
A 320,BATIK AIR,Komersial,SA14
BBJ,JIP,CHARTER,SA16
A 320,BATIK AIR,Komersial,B10
G IV,JETSET,CHARTER,B4
G IV,JETSET,CHARTER,SA21
B 733,AIRNESIA,cargo,B11
B 733,TRI MG,cargo,B12
EMB 135,IAT,CHARTER,B5
A 320,BATIK AIR,Komersial,A3
G VI,PREMI,CHARTER,B3
EMB 135,IAT,CHARTER,B4
G VI,KARISMA,CHARTER,B5
A 320,BATIK AIR,Komersial,A1
B 733,TRIGANA,cargo,B13
G V,KARISMA,CHARTER,B3
A 320,BATIK AIR,Komersial,A2
A 320,BATIK AIR,Komersial,B9
B 733,TRIGANA,cargo,B12
CL 850,JETSET,CHARTER,B7
C 208,SUSI AIR,Komersial,A0
A 320,BATIK AIR,Komersial,A3
ATR 72,CITILINK,Komersial,B1
EMB 135,KARISMA,CHARTER,B4
A 320,CITILINK,Komersial,B2
G V,KARISMA,CHARTER,SA19
A 320,BATIK AIR,Komersial,A2
A 320,CITILINK,Komersial,A3
C 208,PTN,CHARTER,B7
B 734,B. B. N.,cargo,B11
B 733,TRI MG,cargo,B12
CT 750,BIOMANTARA,CHARTER,B4
A 320,GAPURA,CHARTER,BASEOPS
A 320,BATIK AIR,Komersial,B10
G VI,PREMI,CHARTER,B3
B 733,TRIGANA,cargo,B10
A 320,CITILINK,Komersial,B1
B 738,GARUDA,Komersial,B2
EMB 135,PREMI,CHARTER,B7
CT 750,,,A2
B 733,AIRNESIA,cargo,B9
A 320,BATIK AIR,Komersial,A3
A 320,BATIK AIR,Komersial,B6
CL 850,PREMI,CHARTER,B3
CT 750,BIOMANTARA,CHARTER,NSA09
ATR 72,CITILINK,Komersial,B5
EMB 135,PREMI,CHARTER,B4
A 320,BATIK AIR,Komersial,A1
A 320,BATIK AIR,Komersial,A2
A 320,BATIK AIR,Komersial,A3
A 320,CITILINK,Komersial,B2
A 320,CITILINK,Komersial,B1
A 320,BATIK AIR,Komersial,B7
B 733,TRIGANA,cargo,B10
DHC-6,,,SA08
A 320,BATIK AIR,Komersial,A1
A 320,CITILINK,Komersial,B1
A 320,BATIK AIR,Komersial,A2
G VI,KARISMA,CHARTER,B5
CT 680,JIP,CHARTER,B3
CL 850,JETSET,CHARTER,B6
B 734,B. B. N.,cargo,SA04
PH 300,PURAWISATA,CHARTER,B4
PH 300,PREMI,CHARTER,B2
A 320,CITILINK,Komersial,A3
A 320,BATIK AIR,Komersial,B5
B 738,GARUDA,Komersial,B2
B 735,TNI AU,Militer,BASEOPS
ATR 72,CITILINK,Komersial,A1
CL 850,JETSET,CHARTER,SA08
A 320,BATIK AIR,Komersial,B1
BBJ,JIP,CHARTER,B13
B 733,TRIGANA,cargo,B11
A 320,BATIK AIR,Komersial,B6
B 738,GARUDA,Komersial,B2
A 320,BATIK AIR,Komersial,A1
ATR 72,PELITA,CHARTER,A2
B 733,AIRNESIA,cargo,B8
A 320,BATIK AIR,Komersial,B7
A 320,BATIK AIR,Komersial,B9
A 320,BATIK AIR,Komersial,B1
BBJ,JIP,CHARTER,BASEOPS
G V,PREMI,CHARTER,B3
A 320,BATIK AIR,Komersial,B10
ATR 72,CITILINK,Komersial,B6
A 320,CITILINK,Komersial,A1
EMB 135,KARISMA,CHARTER,B4
A 320,BATIK AIR,Komersial,SA13
A 320,BATIK AIR,Komersial,B9
A 320,BATIK AIR,Komersial,SA14
EMB 135,AFM,CHARTER,B3
G IV,JETSET,CHARTER,B7
B 733,AIRNESIA,cargo,B13
A 320,BATIK AIR,Komersial,B6
BE 1900,POLICE,Militer,B5
B 733,TRI MG,cargo,B11
B 733,TRIGANA,cargo,B12
B 733,TRIGANA,cargo,B10
A 320,BATIK AIR,Komersial,B7
C 208,SUSI AIR,Komersial,A0
A 320,BATIK AIR,Komersial,A2
A 320,BATIK AIR,Komersial,A3
A 320,BATIK AIR,Komersial,B5
G V,KARISMA,CHARTER,B4
A 320,BATIK AIR,Komersial,B8
ATR 72,CITILINK,Komersial,B6
A 320,CITILINK,Komersial,B2
B 733,TRIGANA,cargo,B11
A 320,BATIK AIR,Komersial,B9
A 320,CITILINK,Komersial,B1
A 320,BATIK AIR,Komersial,A2
A 320,BATIK AIR,Komersial,A1
C 208,SUSI AIR,Komersial,A0
A 320,CITILINK,Komersial,B1
A 320,BATIK AIR,Komersial,B7
B 738,GARUDA,Komersial,B2
A 320,BATIK AIR,Komersial,SA20
A 320,BATIK AIR,Komersial,A1
A 320,BATIK AIR,Komersial,A2
B 733,TRI MG,cargo,B13
EMB 135,IAT,CHARTER,B5
B 733,AIRNESIA,cargo,B12
ATR 72,CITILINK,Komersial,A3
CT 750,BIOMANTARA,CHARTER,B4
A 320,BATIK AIR,Komersial,B6
A 320,BATIK AIR,Komersial,A1
B 733,TRIGANA,cargo,B11
A 320,BATIK AIR,Komersial,B7
A 320,CITILINK,Komersial,B2
A 320,CITILINK,Komersial,B1
A 320,BATIK AIR,Komersial,A2
B 733,TRIGANA,cargo,B12
BE 1900,POLICE,Militer,B5
A 320,CITILINK,Komersial,B1
CL 850,,,B3
A 320,BATIK AIR,Komersial,B6
A 320,BATIK AIR,Komersial,A1
A 320,CITILINK,Komersial,A3
B 738,GARUDA,Komersial,B2
A 320,BATIK AIR,Komersial,B1
ATR 72,CITILINK,Komersial,A1
A 320,BATIK AIR,Komersial,B8
FAL 7X,JAS,CHARTER,B5
A 320,BATIK AIR,Komersial,B2
A 320,BATIK AIR,Komersial,A2
ATR 72,PELITA,CHARTER,A2
B 733,AIRNESIA,cargo,B12
FAL 7X,JAS,CHARTER,SA12
B 738,GARUDA,Komersial,B2
EMB 135,PREMI,CHARTER,B5
B 733,TRIGANA,cargo,B11
A 320,CITILINK,Komersial,B1
A 320,BATIK AIR,Komersial,B9
A 320,BATIK AIR,Komersial,B3
B 733,TRIGANA,cargo,B10
CL 850,PREMI,CHARTER,SA19
A 320,BATIK AIR,Komersial,A3
A 320,CITILINK,Komersial,B3
A 320,BATIK AIR,Komersial,SA14
G 500,KARISMA,CHARTER,B7
G VI,PREMI,CHARTER,B6
B 733,TRI MG,cargo,B13
CT 680,JIP,CHARTER,B3
AVANTI,SUSI AIR,Komersial,A0
A 320,CITILINK,Komersial,A3
HK 900,,,B10
A 320,BATIK AIR,Komersial,A1
A 320,BATIK AIR,Komersial,A2
AW 169,KARISMA,CHARTER,B7
HK 900,,,B4
B 733,TRIGANA,cargo,B13
B 733,TRIGANA,cargo,B11
C 208,SUSI AIR,Komersial,A0
A 320,BATIK AIR,Komersial,A3
A 320,BATIK AIR,Komersial,A1
A 320,BATIK AIR,Komersial,B1
A 320,BATIK AIR,Komersial,B8
ATR 72,CITILINK,Komersial,B2
A 320,CITILINK,Komersial,A3
EMB 135,,,B4
A 320,CITILINK,Komersial,A2
A 320,BATIK AIR,Komersial,B8
AVANTI,SUSI AIR,Komersial,B7
A 320,BATIK AIR,Komersial,B5
PH 300,PURAWISATA,CHARTER,B6
AVANTI,SUSI AIR,Komersial,NSA10
B 733,AIRNESIA,cargo,B11
B 733,TRI MG,cargo,B13
C 208,SUSI AIR,Komersial,A0
A 320,CITILINK,Komersial,B1
A 320,BATIK AIR,Komersial,A1
A 320,BATIK AIR,Komersial,B5
A 320,BATIK AIR,Komersial,A2
B 738,GARUDA,Komersial,B2
B 733,TRIGANA,cargo,B12
G VI,PREMI,CHARTER,B3
A 320,BATIK AIR,Komersial,B9
ATR 72,CITILINK,Komersial,B1
GLEX,,,B10
A 320,BATIK AIR,Komersial,B9
B 737,BATIK AIR,Komersial,A3
A 320,CITILINK,Komersial,B2
GLEX,AFM,CHARTER,SA14
GLEX,,,B3
A 320,CITILINK,Komersial,B1
B 733,TRIGANA,cargo,B11
B 733,TRIGANA,cargo,B12
A 320,BATIK AIR,Komersial,A2
A 320,BATIK AIR,Komersial,A1
A 320,BATIK AIR,Komersial,A3
A 320,CITILINK,Komersial,B2
A 320,BATIK AIR,Komersial,B6
B 738,GARUDA,Komersial,B3
ATR 72,PELITA,CHARTER,A1
A 320,CITILINK,Komersial,B1
A 320,BATIK AIR,Komersial,B7
ATR 72,CITILINK,Komersial,A2
A 320,BATIK AIR,Komersial,B8
HK 900,KARISMA,CHARTER,B4
B 733,AIRNESIA,cargo,B12
G IV,AFM,CHARTER,B5
A 320,BATIK AIR,Komersial,B8
HK 900,KARISMA,CHARTER,NSA11
B 733,TRIGANA,cargo,B11
B 733,TRIGANA,cargo,B10
CL 850,JETSET,CHARTER,B4
ATR 72,PELITA,CHARTER,SA09
B 738,GARUDA,Komersial,B2
A 320,BATIK AIR,Komersial,A1
A 320,CITILINK,Komersial,B7
GLEX,PTN,CHARTER,B6
A 320,BATIK AIR,Komersial,B1
A 320,BATIK AIR,Komersial,B6
G IV,AFM,CHARTER,SA11
PH 300,PREMI,CHARTER,B3
A 320,CITILINK,Komersial,A3
GLEX,PTN,CHARTER,SA16
G IV,JETSET,CHARTER,B4
A 320,BATIK AIR,Komersial,SA17
A 320,BATIK AIR,Komersial,SA20
B 733,AIRNESIA,cargo,B10
B 733,TRIGANA,cargo,B11
ATR 72,CITILINK,Komersial,A1
EMB 135,KARISMA,CHARTER,B4
EMB 135,PTN,CHARTER,B3
ATR 72,CITILINK,Komersial,SA17
A 320,BATIK AIR,Komersial,A3
A 320,BATIK AIR,Komersial,A1
A 320,BATIK AIR,Komersial,B8
A 320,BATIK AIR,Komersial,A2
B 733,TRIGANA,cargo,B12
ATR 72,CITILINK,Komersial,B5
G VI,PREMI,CHARTER,B3
B 733,TRI MG,cargo,B13
CT 525,PREMI,CHARTER,B6
A 320,CITILINK,Komersial,B1
B 733,TRIGANA,cargo,B11
B 733,TRI MG,cargo,SA05
HK 800,AFM,CHARTER,B5
A 320,BATIK AIR,Komersial,A2
A 320,CITILINK,Komersial,B1
EMB 135,PREMI,CHARTER,B6
B 738,GARUDA,Komersial,B2
ATR 72,CITILINK,Komersial,A3
A 320,BATIK AIR,Komersial,A1
B 733,AIRNESIA,cargo,B13
ATR 72,CITILINK,Komersial,B7
B 733,TRIGANA,cargo,B12
A 320,BATIK AIR,Komersial,B6
G 7500,PREMI,CHARTER,B3
A 320,BATIK AIR,Komersial,B8
A 320,CITILINK,Komersial,B1
A 320,BATIK AIR,Komersial,B9
A 320,BATIK AIR,Komersial,B4
A 320,CITILINK,Komersial,B2
A 320,BATIK AIR,Komersial,A2
B 733,TRIGANA,cargo,B10
EMB 135,IAT,CHARTER,B11
EMB 135,PREMI,CHARTER,SA17
G VI,KARISMA,CHARTER,B12
A 320,BATIK AIR,Komersial,A3
A 320,CITILINK,Komersial,B8
G VI,PREMI,CHARTER,B3
G VI,KARISMA,CHARTER,SA18
A 320,BATIK AIR,Komersial,B6
B 738,GARUDA,Komersial,B2
A 320,CITILINK,Komersial,B1
EC 135,DEPHUB,CHARTER,B5
B 733,TRIGANA,cargo,B13
ATR 72,CITILINK,Komersial,A1
A 320,BATIK AIR,Komersial,A1
B 733,TRIGANA,cargo,B11
B 733,AIRNESIA,cargo,B10
A 320,BATIK AIR,Komersial,B5
A 320,BATIK AIR,Komersial,B7
CT 680,JIP,CHARTER,B4
A 320,BATIK AIR,Komersial,A2
EMB 135,IAT,CHARTER,B4
A 320,BATIK AIR,Komersial,B1
A 320,BATIK AIR,Komersial,B6
B 733,TRI MG,cargo,B12
B 733,TRIGANA,cargo,B13
CT 680,JIP,CHARTER,NSA07
ATR 72,CITILINK,Komersial,B5
A 320,CITILINK,Komersial,A3
ATR 72,PELITA,CHARTER,A2
A 320,BATIK AIR,Komersial,B7
A 320,BATIK AIR,Komersial,SA05
A 320,BATIK AIR,Komersial,SA08
BBJ,JIP,CHARTER,B4
CT 680,JIP,CHARTER,BASE OPS
B 733,TRI MG,cargo,B11
A 320,BATIK AIR,Komersial,A1
A 320,BATIK AIR,Komersial,B9
G IV,JETSET,CHARTER,B6
EMB 135,IAT,CHARTER,B3
C 208,SUSI AIR,Komersial,A1
A 320,BATIK AIR,Komersial,B5
A 320,BATIK AIR,Komersial,B7
A 320,BATIK AIR,Komersial,A2
ATR 72,CITILINK,Komersial,B2
A 320,BATIK AIR,Komersial,A3
A 320,CITILINK,Komersial,A1
KING AIR,PTN,CHARTER,B1
EMB 135,PTN,CHARTER,B4
A 320,CITILINK,Komersial,A3
GLEX,PREMI,CHARTER,SA05
A 320,BATIK AIR,Komersial,A2
B 733,TRI MG,cargo,B12
A 320,BATIK AIR,Komersial,B7
B 733,TRIGANA,cargo,B10
B 733,TRIGANA,cargo,B11
AVANTI,SUSI AIR,Komersial,A0
G 500,KARISMA,CHARTER,B4
G 7500,PREMI,CHARTER,B5
B 738,GARUDA,Komersial,B2
A 320,CITILINK,Komersial,A3
A 320,BATIK AIR,Komersial,B1
A 320,BATIK AIR,Komersial,A2
EMB 135,PTN,CHARTER,B8
EMB 135,KARISMA,CHARTER,B6
B 733,AIRNESIA,cargo,B13
AW 169,KARISMA,CHARTER,WR01
A 320,BATIK AIR,Komersial,A1
ATR 72,CITILINK,Komersial,B2
A 320,BATIK AIR,Komersial,B8
A 320,BATIK AIR,Komersial,B9
ATR 72,TAS,CHARTER,RE01
CT 680,JIP,CHARTER,BASE OPS
EMB 135,PTN,CHARTER,RE02
EMB 135,KARISMA,CHARTER,RE03
A 320,BATIK AIR,Komersial,A3
CT 680,JIP,CHARTER,B4
A 320,CITILINK,Komersial,B2
A 320,CITILINK,Komersial,B1
ATR 72,PELITA,CHARTER,A1
A 320,BATIK AIR,Komersial,A2
A 320,BATIK AIR,Komersial,A3
GLEX,PREMI,CHARTER,B3
A 320,CITILINK,Komersial,B1
A 320,BATIK AIR,Komersial,B8
B 738,GARUDA,Komersial,B2
ATR 72,CITILINK,Komersial,A2
A 320,CITILINK,Komersial,B1
A 320,BATIK AIR,Komersial,B6
A 320,BATIK AIR,Komersial,A3
GLEX,BIOMANTARA,CHARTER,B4
A 320,BATIK AIR,Komersial,B9
B 733,TRIGANA,cargo,B13
KING AIR,KARISMA,CHARTER,B7
A 320,CITILINK,Komersial,B1
G 500,KARISMA,CHARTER,B5
CT 680,JIP,CHARTER,B3
G IV,JETSET,CHARTER,B6
EMB 135,IAT,CHARTER,B2
A 320,BATIK AIR,Komersial,B1
A 320,BATIK AIR,Komersial,B10
A 320,BATIK AIR,Komersial,B5
B 738,GARUDA,Komersial,B2
B 733,TRIGANA,cargo,B11
G IV,JETSET,CHARTER,RE04
B 733,TRIGANA,cargo,B7
A 320,BATIK AIR,Komersial,A3
B 733,AIRNESIA,cargo,B6
KING AIR,KARISMA,CHARTER,NSA10
ATR 72,CITILINK,Komersial,RE05
GLEX,BIOMANTARA,CHARTER,RE06
CT 680,JIP,CHARTER,NSA11
G VI,AFM,CHARTER,B4
A 320,CITILINK,Komersial,B1
A 320,BATIK AIR,Komersial,B10
A 320,CITILINK,Komersial,B3
G VI,AFM,CHARTER,RW01
B 733,AIRNESIA,cargo,B13
BBJ 2,PTN,CHARTER,B7
A 320,BATIK AIR,Komersial,SA09
B 733,TRI MG,cargo,B12
BBJ 2,PTN,CHARTER,BASEOPS
A 320,BATIK AIR,Komersial,A2
KING AIR,KARISMA,CHARTER,B8
B 733,TRIGANA,cargo,B12
B 733,TRIGANA,cargo,B11
A 320,BATIK AIR,Komersial,A1
A 320,BATIK AIR,Komersial,A2
C 208,SUSI AIR,Komersial,A0
ATR 72,CITILINK,Komersial,B1
A 320,BATIK AIR,Komersial,A1
A 340,GAPURA,CHARTER,B5
A 340,GAPURA,CHARTER,B6
A 320,CITILINK,Komersial,B2
A 320,BATIK AIR,Komersial,B9
A 340,GAPURA,CHARTER,SA13
A 320,BATIK AIR,Komersial,B8
A 320,CITILINK,Komersial,A2
B 733,TRI MG,cargo,B12
EMB 135,KARISMA,CHARTER,SA14
A 320,CITILINK,Komersial,B1
B 738,GARUDA,Komersial,B2
BBJ,JIP,CHARTER,B4
A 320,BATIK AIR,Komersial,B10
B 733,TRIGANA,cargo,B11
A 320,BATIK AIR,Komersial,A3
G VI,KARISMA,CHARTER,B3
A 320,BATIK AIR,Komersial,A2
B 733,TRIGANA,cargo,B13
A 320,BATIK AIR,Komersial,A3
A 320,BATIK AIR,Komersial,A1
ATR 72,CITILINK,Komersial,B1
A 320,BATIK AIR,Komersial,B6
BBJ,JIP,CHARTER,SA17
A 320,CITILINK,Komersial,B1
A 320,BATIK AIR,Komersial,A2
A 320,CITILINK,Komersial,B2
G IV,JETSET,CHARTER,B4
A 320,BATIK AIR,Komersial,A1
CT 680,JIP,CHARTER,B7
G V,AFM,CHARTER,B3
ATR 72,TRAVIRA,CHARTER,B8
A 320,CITILINK,Komersial,A2
B 733,TRIGANA,cargo,B13
A 320,BATIK AIR,Komersial,A3
A 320,BATIK AIR,Komersial,B6
BBJ 2,PTN,CHARTER,BASEOPS
B 738,GARUDA,Komersial,B2
ATR 72,CITILINK,Komersial,B1
A 320,CITILINK,Komersial,A1
A 320,BATIK AIR,Komersial,B8
A 320,BATIK AIR,Komersial,B7
A 320,BATIK AIR,Komersial,B5
BBJ 2,PTN,CHARTER,B9
G V,AFM,CHARTER,RE03
B 733,AIRNESIA,cargo,B11
A 320,BATIK AIR,Komersial,B9
BBJ 2,PTN,CHARTER,SA07
A 330,GAPURA,CHARTER,BASEOPS
B 738,GARUDA,Komersial,B4
A 320,BATIK AIR,Komersial,B7
B 733,TRIGANA,cargo,B9
A 320,CITILINK,Komersial,B2
A 320,BATIK AIR,Komersial,A3
ATR 72,CITILINK,Komersial,B1
G IV,JETSET,CHARTER,B5
A 320,BATIK AIR,Komersial,A1
CT 680,JIP,CHARTER,B3
G IV,JETSET,CHARTER,RW02
A 330,GAPURA,CHARTER,SA15
CT 680,JIP,CHARTER,NSA10
G V,AFM,CHARTER,B5
B 733,AIRNESIA,cargo,B11
B 733,TRI MG,cargo,B12
EMB 135,PTN,CHARTER,B9
G IV,JETSET,CHARTER,B3
A 320,BATIK AIR,Komersial,A3
ATR 72,CITILINK,Komersial,A0
EMB 135,IAT,CHARTER,B9
A 320,BATIK AIR,Komersial,A2
C 208,SUSI AIR,Komersial,B1
A 320,BATIK AIR,Komersial,A3
ATR 72,TRAVIRA,CHARTER,B2
B 733,TRIGANA,cargo,B12
B 733,TRIGANA,cargo,B13
A 320,BATIK AIR,Komersial,A3
ATR 72,CITILINK,Komersial,B3
A 320,CITILINK,Komersial,B4
A 320,CITILINK,Komersial,B1
G 500,KARISMA,CHARTER,B6
A 320,BATIK AIR,Komersial,A2
B 738,TNI AU,Militer,BASEOPS
A 320,CITILINK,Komersial,A3
B 738,GARUDA,Komersial,B2
B 738,GARUDA,Komersial,B5
AVANTI,GAPURA,CHARTER,B3
A 320,BATIK AIR,Komersial,B1
A 320,BATIK AIR,Komersial,A2
A 320,BATIK AIR,Komersial,B7
B 733,AIRNESIA,cargo,B11
A 320,BATIK AIR,Komersial,B6
A 320,BATIK AIR,Komersial,B8
ATR 72,CITILINK,Komersial,A3
A 320,BATIK AIR,Komersial,A2
A 320,CITILINK,Komersial,B2
AVANTI,GAPURA,CHARTER,NSA11
GLEX,PTN,CHARTER,B3
EMB 135,IAT,CHARTER,B4
A 320,BATIK AIR,Komersial,B1
A 320,CITILINK,Komersial,A2
B 733,TRIGANA,cargo,B12
B 733,TRIGANA,cargo,B13
A 320,BATIK AIR,Komersial,B3
A 320,CITILINK,Komersial,B7
A 320,BATIK AIR,Komersial,A3
B 738,GARUDA,Komersial,B2
A 320,CITILINK,Komersial,A2
B 733,TRIGANA,cargo,B11
A 320,BATIK AIR,Komersial,B1
G 500,KARISMA,CHARTER,B4
A 320,BATIK AIR,Komersial,B6
ATR 72,TRAVIRA,CHARTER,A3
A 320,BATIK AIR,Komersial,B2
ATR 72,PELITA,CHARTER,A3
A 320,BATIK AIR,Komersial,B8
B 733,AIRNESIA,cargo,B11
B 738,GARUDA,Komersial,B2
A 320,BATIK AIR,Komersial,A2
CT 680,JIP,CHARTER,B4
B 733,TRIGANA,cargo,B12
GLEX,PREMI,CHARTER,B3
A 320,CITILINK,Komersial,B1
B 733,TRIGANA,cargo,B13
ATR 72,PELITA,CHARTER,RE03
A 320,BATIK AIR,Komersial,B9
A 320,BATIK AIR,Komersial,A3
G IV,JETSET,CHARTER,B3
G IV,JETSET,CHARTER,SA11
B 733,AIRNESIA,cargo,B10
ATR 72,TRAVIRA,CHARTER,B6
B 733,TRIGANA,cargo,B11
B 733,TRI MG,cargo,B12
PH 300,PURAWISATA,CHARTER,B13
PH 300,PREMI,CHARTER,B5
A 320,BATIK AIR,Komersial,B3
A 330,GAPURA,CHARTER,BASE OPS
B 733,TRIGANA,cargo,B9
B 733,TRIGANA,cargo,B12
A 320,BATIK AIR,Komersial,B4
A 320,BATIK AIR,Komersial,B1
A 320,BATIK AIR,Komersial,A2
A 320,CITILINK,Komersial,B1
A 320,BATIK AIR,Komersial,A3
C 208,SUSI AIR,Komersial,A0
A 320,BATIK AIR,Komersial,A2
A 320,CITILINK,Komersial,A2
B 738,GARUDA,Komersial,B1
A 320,BATIK AIR,Komersial,B9
A 320,CITILINK,Komersial,A1
B 733,TRI MG,cargo,B13
B 733,TRIGANA,cargo,B12
BBJ,JIP,CHARTER,B2
G IV,JETSET,CHARTER,B8
ATR 72,CITILINK,Komersial,RE04
A 320,BATIK AIR,Komersial,A2
G VI,,,B3
A 320,BATIK AIR,Komersial,B1
A 320,BATIK AIR,Komersial,B9
A 340,GAPURA,CHARTER,B5
A 340,GAPURA,CHARTER,B6
A 320,BATIK AIR,Komersial,A1
AVANTI,SUSI AIR,Komersial,A0
A 320,CITILINK,Komersial,A2
A 320,BATIK AIR,Komersial,A3
G VI,AFM,CHARTER,SA02
B 733,TRIGANA,cargo,B11
A 320,CITILINK,Komersial,B2
B 733,TRIGANA,cargo,B12
A 320,BATIK AIR,Komersial,B7
GLEX,BIOMANTARA,CHARTER,SA11
ATR 72,TAS,CHARTER,SA03
B 733,AIRNESIA,cargo,B10
A 320,BATIK AIR,Komersial,A2
A 320,BATIK AIR,Komersial,A1
PH 300,PTN,CHARTER,B4
B 738,GARUDA,Komersial,B2
A 320,CITILINK,Komersial,A3
A 320,CITILINK,Komersial,B1
EMB 135,PTN,CHARTER,SA15
ATR 72,TRAVIRA,CHARTER,A2
A 320,BATIK AIR,Komersial,B6
B 733,TRIGANA,cargo,B11
A 320,BATIK AIR,Komersial,B8
A 320,BATIK AIR,Komersial,A1
B 738,TNI AU,Militer,BASEOPS
A 320,BATIK AIR,Komersial,B1
A 320,BATIK AIR,Komersial,B7
GLEX,PTN,CHARTER,B3
PH 300,PREMI,CHARTER,B5
HK 800,JETSET,CHARTER,B4
ATR 72,PELITA,CHARTER,A3
B 738,GARUDA,Komersial,B2
A 320,BATIK AIR,Komersial,B8
ATR 72,CITILINK,Komersial,SA13
GLEX,PTN,CHARTER,SA16
A 320,BATIK AIR,Komersial,A1
A 320,BATIK AIR,Komersial,B7
A 320,CITILINK,Komersial,A2
HK 800,JETSET,CHARTER,NSA10
B 733,TRIGANA,cargo,B12
A 320,CITILINK,Komersial,B1
AVANTI,SUSI AIR,Komersial,B5
A 320,BATIK AIR,Komersial,B9
A 320,BATIK AIR,Komersial,B3
A 320,BATIK AIR,Komersial,SA17
B 733,TRIGANA,cargo,B11
AVANTI,SUSI AIR,Komersial,NSA12
A 320,BATIK AIR,Komersial,SA18
EMB 135,KARISMA,CHARTER,B4
ATR 72,TRAVIRA,CHARTER,B3
B 733,TRIGANA,cargo,B13
A 320,BATIK AIR,Komersial,B7
CL 60,BIOMANTARA,CHARTER,B5
B 733,TRI MG,cargo,B12
A 320,BATIK AIR,Komersial,A3
CL 60,BIOMANTARA,CHARTER,SA13
A 320,BATIK AIR,Komersial,B1
B 738,GARUDA,Komersial,B2
HK 900,KARISMA,CHARTER,B3
C 208,SUSI AIR,Komersial,A0
A 320,BATIK AIR,Komersial,A2
B 733,TRIGANA,cargo,B11
HK 800,AFM,CHARTER,B5
A 320,BATIK AIR,Komersial,B8
G IV,AFM,CHARTER,B7
BBJ,JIP,CHARTER,B3
A 320,BATIK AIR,Komersial,B7
G IV,AFM,CHARTER,B4
B 738,GARUDA,Komersial,B9
A 320,CITILINK,Komersial,B1
A 320,CITILINK,Komersial,A3
BBJ,JIP,CHARTER,SA08
EMB 135,PREMI,CHARTER,B3
A 320,BATIK AIR,Komersial,B8
A 320,BATIK AIR,Komersial,B7
B 733,TRIGANA,cargo,B11
B 733,TRI MG,cargo,B13
A 320,CITILINK,Komersial,B1
A 320,BATIK AIR,Komersial,A2
A 320,BATIK AIR,Komersial,SA14
A 320,BATIK AIR,Komersial,A3
B 733,TRI MG,cargo,SA17
CT 680,JIP,CHARTER,B4
A 320,BATIK AIR,Komersial,A1
A 320,BATIK AIR,Komersial,A2
A 320,BATIK AIR,Komersial,B1
B 738,GARUDA,Komersial,B2
A 320,BATIK AIR,Komersial,A3
A 320,CITILINK,Komersial,B1
B 733,TRIGANA,cargo,B11
B 733,TRIGANA,cargo,B12
A 320,CITILINK,Komersial,B2
ATR 72,CITILINK,Komersial,A1
BBJ 2,PTN,CHARTER,B7
HK 900,KARISMA,CHARTER,B4
EMB 135,PREMI,CHARTER,B3
A320,CITILINK,Komersial,B1
A 320,BATIK AIR,Komersial,A3
A 320,CITILINK,Komersial,B8
A 320,BATIK AIR,Komersial,B10
EMB 135,PREMI,CHARTER,SA22
A 320,BATIK AIR,Komersial,A3
ATR 72,PELITA,CHARTER,A2
A 320,BATIK AIR,Komersial,B3
B 738,GARUDA,Komersial,B2
B 733,TRIGANA,cargo,B13
A 320,BATIK AIR,Komersial,B1
ATR 72,TRAVIRA,CHARTER,B3
B 738,GARUDA,Komersial,B5
A 320,BATIK AIR,Komersial,B7
B 738,GARUDA,Komersial,B2
HK 800,AFM,CHARTER,B4
A 320,BATIK AIR,Komersial,B10
A 320,BATIK AIR,Komersial,B6
BBJ 2,PTN,CHARTER,BASEOPS
B 733,TRIGANA,cargo,B11
HK 800,AFM,CHARTER,NSA07
G 7500,PREMI,CHARTER,B3
A 320,CITILINK,Komersial,B1
ATR 72,CITILINK,Komersial,SA19
A 320,BATIK AIR,Komersial,A1
ATR 72,CITILINK,Komersial,SA19
A 320,BATIK AIR,Komersial,SA07
B 733,TRIGANA,cargo,B13
B 733,TRIGANA,cargo,B11
A 320,BATIK AIR,Komersial,B9
A 320,BATIK AIR,Komersial,B7
A 320,BATIK AIR,Komersial,B1
B 733,TRIGANA,cargo,B13
A 320,BATIK AIR,Komersial,A2
PH 300,PURAWISATA,CHARTER,B4
A 320,BATIK AIR,Komersial,B1
AVANTI,JETSET,CHARTER,B3
A 320,CITILINK,Komersial,B2
A 320,BATIK AIR,Komersial,A3
G V,TRAVIRA,CHARTER,B7
A 320,CITILINK,Komersial,B1
B 738,GARUDA,Komersial,B2
B 733,TRIGANA,cargo,B13
FAL 8X,AFM,CHARTER,B4
A 320,BATIK AIR,Komersial,A1
A 320,BATIK AIR,Komersial,B6
A 320,BATIK AIR,Komersial,A3
BBJ,JIP,CHARTER,B3
A 320,BATIK AIR,Komersial,B7
B 733,TRIGANA,cargo,B12
A 320,BATIK AIR,Komersial,A2
CL 60,BIOMANTARA,CHARTER,B4
B 733,TRIGANA,cargo,B13
A 320,CITILINK,Komersial,B2
A 320,BATIK AIR,Komersial,B8
A 320,CITILINK,Komersial,B1
PH 300,PURAWISATA,CHARTER,B3
A 320,BATIK AIR,Komersial,A3
G V,TRAVIRA,CHARTER,B7
ATR 72,PELITA,CHARTER,A1
A 320,BATIK AIR,Komersial,A2
C 208,SUSI AIR,Komersial,A0
A 320,BATIK AIR,Komersial,B1
A 320,BATIK AIR,Komersial,B2
A 320,CITILINK,Komersial,A3
C 208,SUSI AIR,Komersial,A0
B 738,GARUDA,Komersial,B3
LJ 60,BGS,CHARTER,B4
A 320,CITILINK,Komersial,A2
B 733,TRIGANA,cargo,B11
A 320,CITILINK,Komersial,B1
A 320,BATIK AIR,Komersial,B6
A 320,BATIK AIR,Komersial,A3
A 320,BATIK AIR,Komersial,A2
A 320,BATIK AIR,Komersial,B1
A 320,BATIK AIR,Komersial,B8
B 738,GARUDA,Komersial,B2
G IV,AFM,CHARTER,B5
EMB 135,KARISMA,CHARTER,B4
A 320,BATIK AIR,Komersial,B9
A 320,BATIK AIR,Komersial,B10
A 320,BATIK AIR,Komersial,B1
G IV,AFM,CHARTER,SA07
BBJ,JIP,CHARTER,B4
B 733,TRIGANA,cargo,B13
EMB 135,KARISMA,CHARTER,SA08
A 320,CITILINK,Komersial,B7
A 320,BATIK AIR,Komersial,B3
A 320,CITILINK,Komersial,A3
LJ 60,BGS,CHARTER,B6
A 320,BATIK AIR,Komersial,SA13
A 320,BATIK AIR,Komersial,SA14
ATR 72,CITILINK,Komersial,A2
BBJ,JIP,CHARTER,SA17
AVANTI,SUSI AIR,Komersial,A0
LJ 60,BGS,CHARTER,NSA09
B 733,TRIGANA,cargo,B11
BBJ,JIP,CHARTER,B4
A 320,BATIK AIR,Komersial,B9
A 320,BATIK AIR,Komersial,A2
B 733,TRIGANA,cargo,B12
A 320,BATIK AIR,Komersial,A3
A 320,BATIK AIR,Komersial,B1
B 733,TRIGANA,cargo,B13
A 320,BATIK AIR,Komersial,A1
ATR 72,CITILINK,Komersial,B3
C 208,SUSI AIR,Komersial,A0
A 320,CITILINK,Komersial,B2
A 320,CITILINK,Komersial,B1
AVANTI,SUSI AIR,Komersial,B6
A 320,BATIK AIR,Komersial,B8
A 320,BATIK AIR,Komersial,A1
A 320,BATIK AIR,Komersial,B7
A 320,CITILINK,Komersial,B1
B 738,GARUDA,Komersial,B2
AVANTI,SUSI AIR,Komersial,NSA10
A 320,BATIK AIR,Komersial,A1
BBJ,JIP,CHARTER,B4
ATR 72,PELITA,CHARTER,A1
B 733,TRIGANA,cargo,B13
A 320,BATIK AIR,Komersial,A2
ATR 72,CITILINK,Komersial,A3
A 320,BATIK AIR,Komersial,B1
C 208,SUSI AIR,Komersial,A0
B 733,TRIGANA,cargo,B12
A 320,BATIK AIR,Komersial,B9
A 320,CITILINK,Komersial,B2
BBJ,JIP,CHARTER,SA09
CT 680,JIP,CHARTER,B3
A 320,BATIK AIR,Komersial,A2
A 320,CITILINK,Komersial,B7
CT 680,JIP,CHARTER,NSA12
A 320,BATIK AIR,Komersial,A3
A 320,BATIK AIR,Komersial,B8
A 320,BATIK AIR,Komersial,B1
PH 300,PREMI,CHARTER,B3
A 320,CITILINK,Komersial,A2
B 738,GARUDA,Komersial,B2
ATR 72,CITILINK,Komersial,A3
A 320,CITILINK,Komersial,B4
B 733,TRIGANA,cargo,B12
A 320,BATIK AIR,Komersial,B3
B 733,TRI MG,cargo,B13
A 320,BATIK AIR,Komersial,B1
A 320,BATIK AIR,Komersial,B4
A 320,BATIK AIR,Komersial,B7
B 738,GARUDA,Komersial,B2
B 733,TRIGANA,cargo,B11
BBJ 2,PTN,CHARTER,BASEOPS
A 320,BATIK AIR,Komersial,B1
A 320,BATIK AIR,Komersial,B8
G IV,JETSET,CHARTER,B4
BBJ 2,PTN,CHARTER,SA13
A 320,CITILINK,Komersial,B6
A 320,BATIK AIR,Komersial,B10
G IV,JETSET,CHARTER,SA17
A 320,BATIK AIR,Komersial,SA19
GLEX,AFM,CHARTER,B5
EMB 135,AFM,CHARTER,B4
PH 300,PURAWISATA,CHARTER,B3
B 733,TRIGANA,cargo,B13
A 320,BATIK AIR,Komersial,SA20
B 733,TRIGANA,cargo,B11
B 733,TRI MG,cargo,B10
EMB 135,PREMI,CHARTER,B3
A 320,BATIK AIR,Komersial,B9
A 320,BATIK AIR,Komersial,B1
A 320,BATIK AIR,Komersial,B8
HK 800,AFM,CHARTER,B4
A 320,BATIK AIR,Komersial,A3
A 320,BATIK AIR,Komersial,A2
C 208,SUSI AIR,Komersial,A0
ATR 72,CITILINK,Komersial,B2
A 320,BATIK AIR,Komersial,A1
A 320,CITILINK,Komersial,A3
G IV,JETSET,CHARTER,B5
CT 680,JIP,CHARTER,B3
AVANTI,SUSI AIR,Komersial,A0
ATR 42,,,B6
A 320,CITILINK,Komersial,B1
A 320,BATIK AIR,Komersial,B8
G VI,,,B4
B 733,TRI MG,cargo,B13
B 733,TRIGANA,cargo,B12
A 320,CITILINK,Komersial,A3
B 738,GARUDA,Komersial,B2
B 733,TRIGANA,cargo,B11
B 733,TRIGANA,cargo,B10
A 320,BATIK AIR,Komersial,A1
C 208,SUSI AIR,Komersial,A0
ATR 72,CITILINK,Komersial,B1
AVANTI,SUSI AIR,Komersial,B7
CT 680,JIP,CHARTER,B3
A 320,BATIK AIR,Komersial,B8
BBJ,JIP,CHARTER,B4
A 320,BATIK AIR,Komersial,A2
A 320,CITILINK,Komersial,A3
AVANTI,SUSI AIR,Komersial,NSA07
G IV,JETSET,CHARTER,B6
A 320,CITILINK,Komersial,B1
A 320,BATIK AIR,Komersial,B9
A 320,BATIK AIR,Komersial,A1
G IV,JETSET,CHARTER,SA09
ATR 72,PELITA,CHARTER,A2
A 320,BATIK AIR,Komersial,SA21
A 320,BATIK AIR,Komersial,A3
A 320,CITILINK,Komersial,B9
A 320,CITILINK,Komersial,B1
ATR 72,CITILINK,Komersial,B7
A 320,BATIK AIR,Komersial,B6
EMB 135,KARISMA,CHARTER,B10
ATR 42,IAT,CHARTER,B5
B 738,GARUDA,Komersial,B2
G VI,KARISMA,CHARTER,B4
B 733,TRIGANA,cargo,B12
B 733,TRIGANA,cargo,B11
B 733,TRIGANA,cargo,B9
A 320,CITILINK,Komersial,A3
ATR 72,CITILINK,Komersial,A1
EMB 135,PREMI,CHARTER,B3
A 320,BATIK AIR,Komersial,B1
A 320,BATIK AIR,Komersial,B6
G VI,KARISMA,CHARTER,SA17
EMB 135,KARISMA,CHARTER,SA19
PH 300,PURAWISATA,CHARTER,B4
A 320,BATIK AIR,Komersial,B7
B 738,GARUDA,Komersial,B2
A 320,BATIK AIR,Komersial,B1
G VI,SUBA AIR,CHARTER,B6
G V,KARISMA,CHARTER,B5
A 320,CITILINK,Komersial,B9
BBJ,JIP,CHARTER,B4
CT 680,JIP,CHARTER,B3
G V,KARISMA,CHARTER,SA22
A 320,BATIK AIR,Komersial,B10
A 320,BATIK AIR,Komersial,B1
A 320,BATIK AIR,Komersial,B8
BBJ 2,PTN,CHARTER,B13
G VI,SUBA AIR,CHARTER,SA13
CT 680,JIP,CHARTER,NSA10
BBJ,JIP,CHARTER,SA21
B 733,TRI MG,cargo,B13
A 320,BATIK AIR,Komersial,B4
HK 800,AFM,CHARTER,NSA12
C 208,SUSI AIR,Komersial,A0
B 733,TRIGANA,cargo,B12
G 7500,PREMI,CHARTER,B3
A 320,BATIK AIR,Komersial,A2
A 320,BATIK AIR,Komersial,B7
ATR 72,CITILINK,Komersial,B2
A 320,BATIK AIR,Komersial,A1
A 320,BATIK AIR,Komersial,A3
EMB 135,IAT,CHARTER,B6
A 320,BATIK AIR,Komersial,B1
B 733,TRIGANA,cargo,B11
A 320,CITILINK,Komersial,B2
A 320,CITILINK,Komersial,A2
B 733,AIRNESIA,cargo,B10
A 320,BATIK AIR,Komersial,B9
B 733,TRIGANA,cargo,B12
G IV,JETSET,CHARTER,B5
